execution_id,campaign_id,hardware_epoch,result_id,placement,replica,case_id,variant_id,workload_id,workload_family,implementation_id,simulator_name,simulator_version,simulator_display_version,adapter,mode,batch_enabled,batch_size_effective,shots_per_call,cpu_model,instance_type,image_id,boot_id,status,error_phase,error_type,error_message,setup_seconds,sample_count,median_attempted_shots_per_second,mad_attempted_shots_per_second,min_attempted_shots_per_second,max_attempted_shots_per_second,total_attempted_shots,total_duration_seconds
clifft-history-v1-20260902,clifft-history-v1,aws-m7a-xlarge-ubuntu2404-v1,cbda229d-cce3-479d-b847-29f3df1e5e43,1,1,msc-d3-inject-cultivate-p1e-3--clifft-0.1.0,clifft-0.1.0,msc-d3-inject-cultivate-p1e-3,magic-state-cultivation,clifft-0.1.0,Clifft,0.1.0,0.1.0,clifft,throughput,false,1,100000,AMD EPYC 9R14,m7a.xlarge,ami-0f8a61b66d1accaee,85dceec1-a18a-474b-8af1-f4288e84123c,success,,,,0.036976803000015934,3,886649.8806702272,399.0672571135219,886250.8134131137,888079.2679909068,79900000,90.07952858600046
clifft-history-v1-20260902,clifft-history-v1,aws-m7a-xlarge-ubuntu2404-v1,cbda229d-cce3-479d-b847-29f3df1e5e43,1,1,msc-d5-inject-cultivate-p1e-3--clifft-0.1.0,clifft-0.1.0,msc-d5-inject-cultivate-p1e-3,magic-state-cultivation,clifft-0.1.0,Clifft,0.1.0,0.1.0,clifft,throughput,false,1,20000,AMD EPYC 9R14,m7a.xlarge,ami-0f8a61b66d1accaee,85dceec1-a18a-474b-8af1-f4288e84123c,success,,,,0.04362773500000117,3,80394.1296266207,88.96205490161083,80305.1675717191,80886.4953081545,7280000,90.40247516000039
clifft-history-v1-20260902,clifft-history-v1,aws-m7a-xlarge-ubuntu2404-v1,cbda229d-cce3-479d-b847-29f3df1e5e43,1,1,distillation-color-code-85q-p5e-2--clifft-0.1.0,clifft-0.1.0,distillation-color-code-85q-p5e-2,magic-state-distillation,clifft-0.1.0,Clifft,0.1.0,0.1.0,clifft,throughput,false,1,100000,AMD EPYC 9R14,m7a.xlarge,ami-0f8a61b66d1accaee,85dceec1-a18a-474b-8af1-f4288e84123c,success,,,,0.038378984999951626,3,102852.65547294736,830.2549427606573,101387.13287265073,103682.91041570801,9400000,91.57940701600035
clifft-history-v1-20260902,clifft-history-v1,aws-m7a-xlarge-ubuntu2404-v1,cbda229d-cce3-479d-b847-29f3df1e5e43,1,1,surface-code-d7-r7-p1e-3--clifft-0.1.0,clifft-0.1.0,surface-code-d7-r7-p1e-3,surface-code-memory,clifft-0.1.0,Clifft,0.1.0,0.1.0,clifft,throughput,false,1,100000,AMD EPYC 9R14,m7a.xlarge,ami-0f8a61b66d1accaee,85dceec1-a18a-474b-8af1-f4288e84123c,success,,,,0.04552469400005066,3,395875.8403325867,8871.996507486037,386076.7990362249,404747.83684007276,35700000,90.24798948599943
clifft-history-v1-20260902,clifft-history-v1,aws-m7a-xlarge-ubuntu2404-v1,cbda229d-cce3-479d-b847-29f3df1e5e43,1,1,coherent-surface-d3-r1-p1e-3-rz2e-2--clifft-0.1.0,clifft-0.1.0,coherent-surface-d3-r1-p1e-3-rz2e-2,coherent-noise-surface-code,clifft-0.1.0,Clifft,0.1.0,0.1.0,clifft,throughput,false,1,100000,AMD EPYC 9R14,m7a.xlarge,ami-0f8a61b66d1accaee,85dceec1-a18a-474b-8af1-f4288e84123c,success,,,,0.03615788399997655,3,1238744.815842986,11277.260012293234,1204898.6697689765,1250022.0758552793,111000000,90.15388712700059
clifft-history-v1-20260902,clifft-history-v1,aws-m7a-xlarge-ubuntu2404-v1,cbda229d-cce3-479d-b847-29f3df1e5e43,1,1,coherent-surface-d3-r3-p1e-3-rz2e-2--clifft-0.1.0,clifft-0.1.0,coherent-surface-d3-r3-p1e-3-rz2e-2,coherent-noise-surface-code,clifft-0.1.0,Clifft,0.1.0,0.1.0,clifft,throughput,false,1,100000,AMD EPYC 9R14,m7a.xlarge,ami-0f8a61b66d1accaee,85dceec1-a18a-474b-8af1-f4288e84123c,success,,,,0.036398195000060696,3,161262.50224577106,3.5455778854957316,161258.95666788556,161347.64216434507,14700000,91.14035748600088
clifft-history-v1-20260902,clifft-history-v1,aws-m7a-xlarge-ubuntu2404-v1,cbda229d-cce3-479d-b847-29f3df1e5e43,1,1,coherent-surface-d5-r1-p1e-3-rz2e-2--clifft-0.1.0,clifft-0.1.0,coherent-surface-d5-r1-p1e-3-rz2e-2,coherent-noise-surface-code,clifft-0.1.0,Clifft,0.1.0,0.1.0,clifft,throughput,false,1,10000,AMD EPYC 9R14,m7a.xlarge,ami-0f8a61b66d1accaee,85dceec1-a18a-474b-8af1-f4288e84123c,success,,,,0.03699442899994665,3,9283.547879562633,0.0795741699039354,9283.46830539273,9283.870053667313,840000,90.48186040799965
clifft-history-v1-20260902,clifft-history-v1,aws-m7a-xlarge-ubuntu2404-v1,cbda229d-cce3-479d-b847-29f3df1e5e43,1,1,coherent-surface-d5-r5-p1e-3-rz2e-2--clifft-0.1.0,clifft-0.1.0,coherent-surface-d5-r5-p1e-3-rz2e-2,coherent-noise-surface-code,clifft-0.1.0,Clifft,0.1.0,0.1.0,clifft,throughput,false,1,1,AMD EPYC 9R14,m7a.xlarge,ami-0f8a61b66d1accaee,85dceec1-a18a-474b-8af1-f4288e84123c,success,,,,0.03871194500004549,3,0.3817601700928173,0.0015980438588172885,0.38016212623400003,0.44363199335998277,38,94.55651521399977
clifft-history-v1-20260902,clifft-history-v1,aws-m7a-xlarge-ubuntu2404-v1,cbda229d-cce3-479d-b847-29f3df1e5e43,1,1,msc-d3-inject-cultivate-p1e-3--clifft-0.2.0,clifft-0.2.0,msc-d3-inject-cultivate-p1e-3,magic-state-cultivation,clifft-0.2.0,Clifft,0.2.0,0.2.0,clifft,throughput,false,1,100000,AMD EPYC 9R14,m7a.xlarge,ami-0f8a61b66d1accaee,85dceec1-a18a-474b-8af1-f4288e84123c,success,,,,0.03692608799997288,3,885829.7927593592,2419.4027918457286,883410.3899675135,890908.7290877225,80000000,90.22056778600131
clifft-history-v1-20260902,clifft-history-v1,aws-m7a-xlarge-ubuntu2404-v1,cbda229d-cce3-479d-b847-29f3df1e5e43,1,1,msc-d5-inject-cultivate-p1e-3--clifft-0.2.0,clifft-0.2.0,msc-d5-inject-cultivate-p1e-3,magic-state-cultivation,clifft-0.2.0,Clifft,0.2.0,0.2.0,clifft,throughput,false,1,20000,AMD EPYC 9R14,m7a.xlarge,ami-0f8a61b66d1accaee,85dceec1-a18a-474b-8af1-f4288e84123c,success,,,,0.043717135000065355,3,81078.55966719818,126.5875868114963,80658.90498391507,81205.14725400967,7300000,90.14451242900043
clifft-history-v1-20260902,clifft-history-v1,aws-m7a-xlarge-ubuntu2404-v1,cbda229d-cce3-479d-b847-29f3df1e5e43,1,1,distillation-color-code-85q-p5e-2--clifft-0.2.0,clifft-0.2.0,distillation-color-code-85q-p5e-2,magic-state-distillation,clifft-0.2.0,Clifft,0.2.0,0.2.0,clifft,throughput,false,1,100000,AMD EPYC 9R14,m7a.xlarge,ami-0f8a61b66d1accaee,85dceec1-a18a-474b-8af1-f4288e84123c,success,,,,0.03831525700002203,3,101430.1545751492,295.60239576474123,99637.41803090015,101725.75697091394,9200000,91.14616490999924
clifft-history-v1-20260902,clifft-history-v1,aws-m7a-xlarge-ubuntu2404-v1,cbda229d-cce3-479d-b847-29f3df1e5e43,1,1,surface-code-d7-r7-p1e-3--clifft-0.2.0,clifft-0.2.0,surface-code-d7-r7-p1e-3,surface-code-memory,clifft-0.2.0,Clifft,0.2.0,0.2.0,clifft,throughput,false,1,100000,AMD EPYC 9R14,m7a.xlarge,ami-0f8a61b66d1accaee,85dceec1-a18a-474b-8af1-f4288e84123c,success,,,,0.045410375000074055,3,399040.26839679416,2041.1551833035192,396999.11321349064,402290.8313347947,36100000,90.37666317200069
clifft-history-v1-20260902,clifft-history-v1,aws-m7a-xlarge-ubuntu2404-v1,cbda229d-cce3-479d-b847-29f3df1e5e43,1,1,coherent-surface-d3-r1-p1e-3-rz2e-2--clifft-0.2.0,clifft-0.2.0,coherent-surface-d3-r1-p1e-3-rz2e-2,coherent-noise-surface-code,clifft-0.2.0,Clifft,0.2.0,0.2.0,clifft,throughput,false,1,100000,AMD EPYC 9R14,m7a.xlarge,ami-0f8a61b66d1accaee,85dceec1-a18a-474b-8af1-f4288e84123c,success,,,,0.03653407799993147,3,1247369.1629711925,2594.908686483046,1232758.2710364293,1249964.0716576756,112000000,90.07813008999506
clifft-history-v1-20260902,clifft-history-v1,aws-m7a-xlarge-ubuntu2404-v1,cbda229d-cce3-479d-b847-29f3df1e5e43,1,1,coherent-surface-d3-r3-p1e-3-rz2e-2--clifft-0.2.0,clifft-0.2.0,coherent-surface-d3-r3-p1e-3-rz2e-2,coherent-noise-surface-code,clifft-0.2.0,Clifft,0.2.0,0.2.0,clifft,throughput,false,1,100000,AMD EPYC 9R14,m7a.xlarge,ami-0f8a61b66d1accaee,85dceec1-a18a-474b-8af1-f4288e84123c,success,,,,0.0364774470001521,3,161293.5268958248,69.75507355001173,161223.77182227478,161480.63781879673,14700000,91.11613210000132
clifft-history-v1-20260902,clifft-history-v1,aws-m7a-xlarge-ubuntu2404-v1,cbda229d-cce3-479d-b847-29f3df1e5e43,1,1,coherent-surface-d5-r1-p1e-3-rz2e-2--clifft-0.2.0,clifft-0.2.0,coherent-surface-d5-r1-p1e-3-rz2e-2,coherent-noise-surface-code,clifft-0.2.0,Clifft,0.2.0,0.2.0,clifft,throughput,false,1,10000,AMD EPYC 9R14,m7a.xlarge,ami-0f8a61b66d1accaee,85dceec1-a18a-474b-8af1-f4288e84123c,success,,,,0.03783887500003402,3,9250.451217601178,1.3423091087861394,9249.108908492391,9253.736952498351,840000,90.80002653899942
clifft-history-v1-20260902,clifft-history-v1,aws-m7a-xlarge-ubuntu2404-v1,cbda229d-cce3-479d-b847-29f3df1e5e43,1,1,coherent-surface-d5-r5-p1e-3-rz2e-2--clifft-0.2.0,clifft-0.2.0,coherent-surface-d5-r5-p1e-3-rz2e-2,coherent-noise-surface-code,clifft-0.2.0,Clifft,0.2.0,0.2.0,clifft,throughput,false,1,1,AMD EPYC 9R14,m7a.xlarge,ami-0f8a61b66d1accaee,85dceec1-a18a-474b-8af1-f4288e84123c,success,,,,0.03906799800006411,3,0.3796158414046509,0.0006314429725428616,0.378984398432108,0.4399877296448267,38,95.09354593699936
clifft-history-v1-20260902,clifft-history-v1,aws-m7a-xlarge-ubuntu2404-v1,cbda229d-cce3-479d-b847-29f3df1e5e43,1,1,msc-d3-inject-cultivate-p1e-3--clifft-0.3.0,clifft-0.3.0,msc-d3-inject-cultivate-p1e-3,magic-state-cultivation,clifft-0.3.0,Clifft,0.3.0,0.3.0,clifft,throughput,false,1,100000,AMD EPYC 9R14,m7a.xlarge,ami-0f8a61b66d1accaee,85dceec1-a18a-474b-8af1-f4288e84123c,success,,,,0.03751072399995792,3,855686.6420810764,459.3520364240976,854395.7188444894,856145.9941175005,77100000,90.13234272800264
clifft-history-v1-20260902,clifft-history-v1,aws-m7a-xlarge-ubuntu2404-v1,cbda229d-cce3-479d-b847-29f3df1e5e43,1,1,msc-d5-inject-cultivate-p1e-3--clifft-0.3.0,clifft-0.3.0,msc-d5-inject-cultivate-p1e-3,magic-state-cultivation,clifft-0.3.0,Clifft,0.3.0,0.3.0,clifft,throughput,false,1,20000,AMD EPYC 9R14,m7a.xlarge,ami-0f8a61b66d1accaee,85dceec1-a18a-474b-8af1-f4288e84123c,success,,,,0.0504659640000682,3,80077.23173959489,67.51244498664164,79926.82022095744,80144.74418458153,7240000,90.44365990899905
clifft-history-v1-20260902,clifft-history-v1,aws-m7a-xlarge-ubuntu2404-v1,cbda229d-cce3-479d-b847-29f3df1e5e43,1,1,distillation-color-code-85q-p5e-2--clifft-0.3.0,clifft-0.3.0,distillation-color-code-85q-p5e-2,magic-state-distillation,clifft-0.3.0,Clifft,0.3.0,0.3.0,clifft,throughput,false,1,100000,AMD EPYC 9R14,m7a.xlarge,ami-0f8a61b66d1accaee,85dceec1-a18a-474b-8af1-f4288e84123c,success,,,,0.03912754299994958,3,102028.17343052794,49.7656755430653,101923.93344211316,102077.939106071,9300000,91.16755498300063
clifft-history-v1-20260902,clifft-history-v1,aws-m7a-xlarge-ubuntu2404-v1,cbda229d-cce3-479d-b847-29f3df1e5e43,1,1,surface-code-d7-r7-p1e-3--clifft-0.3.0,clifft-0.3.0,surface-code-d7-r7-p1e-3,surface-code-memory,clifft-0.3.0,Clifft,0.3.0,0.3.0,clifft,throughput,false,1,100000,AMD EPYC 9R14,m7a.xlarge,ami-0f8a61b66d1accaee,85dceec1-a18a-474b-8af1-f4288e84123c,success,,,,0.05088442699980078,3,385418.6026188632,113.57598328823224,385212.15393039037,385532.17860215146,34800000,90.2987019929983
clifft-history-v1-20260902,clifft-history-v1,aws-m7a-xlarge-ubuntu2404-v1,cbda229d-cce3-479d-b847-29f3df1e5e43,1,1,coherent-surface-d3-r1-p1e-3-rz2e-2--clifft-0.3.0,clifft-0.3.0,coherent-surface-d3-r1-p1e-3-rz2e-2,coherent-noise-surface-code,clifft-0.3.0,Clifft,0.3.0,0.3.0,clifft,throughput,false,1,100000,AMD EPYC 9R14,m7a.xlarge,ami-0f8a61b66d1accaee,85dceec1-a18a-474b-8af1-f4288e84123c,success,,,,0.03624472799992873,3,1154269.0445167348,585.3744366588071,1137116.1161903304,1154854.4189533936,103600000,90.18547679099811
clifft-history-v1-20260902,clifft-history-v1,aws-m7a-xlarge-ubuntu2404-v1,cbda229d-cce3-479d-b847-29f3df1e5e43,1,1,coherent-surface-d3-r3-p1e-3-rz2e-2--clifft-0.3.0,clifft-0.3.0,coherent-surface-d3-r3-p1e-3-rz2e-2,coherent-noise-surface-code,clifft-0.3.0,Clifft,0.3.0,0.3.0,clifft,throughput,false,1,100000,AMD EPYC 9R14,m7a.xlarge,ami-0f8a61b66d1accaee,85dceec1-a18a-474b-8af1-f4288e84123c,success,,,,0.037035891999948944,3,158995.28074768666,9.216633900505258,158956.5540056807,159004.49738158716,14400000,90.57433108000168
clifft-history-v1-20260902,clifft-history-v1,aws-m7a-xlarge-ubuntu2404-v1,cbda229d-cce3-479d-b847-29f3df1e5e43,1,1,coherent-surface-d5-r1-p1e-3-rz2e-2--clifft-0.3.0,clifft-0.3.0,coherent-surface-d5-r1-p1e-3-rz2e-2,coherent-noise-surface-code,clifft-0.3.0,Clifft,0.3.0,0.3.0,clifft,throughput,false,1,10000,AMD EPYC 9R14,m7a.xlarge,ami-0f8a61b66d1accaee,85dceec1-a18a-474b-8af1-f4288e84123c,success,,,,0.03729224199969394,3,9268.007767914587,0.8721261367918487,9267.135641777795,9268.894757501555,840000,90.63431721600091
clifft-history-v1-20260902,clifft-history-v1,aws-m7a-xlarge-ubuntu2404-v1,cbda229d-cce3-479d-b847-29f3df1e5e43,1,1,coherent-surface-d5-r5-p1e-3-rz2e-2--clifft-0.3.0,clifft-0.3.0,coherent-surface-d5-r5-p1e-3-rz2e-2,coherent-noise-surface-code,clifft-0.3.0,Clifft,0.3.0,0.3.0,clifft,throughput,false,1,1,AMD EPYC 9R14,m7a.xlarge,ami-0f8a61b66d1accaee,85dceec1-a18a-474b-8af1-f4288e84123c,success,,,,0.03914441500000976,3,0.3751579185990897,0.0012739629195162028,0.3738839556795735,0.4367492630931782,38,96.13705544300046
clifft-history-v1-20260902,clifft-history-v1,aws-m7a-xlarge-ubuntu2404-v1,cbda229d-cce3-479d-b847-29f3df1e5e43,1,1,msc-d3-inject-cultivate-p1e-3--clifft-0.4.1,clifft-0.4.1,msc-d3-inject-cultivate-p1e-3,magic-state-cultivation,clifft-0.4.1,Clifft,0.4.1,0.4.1,clifft,throughput,false,1,100000,AMD EPYC 9R14,m7a.xlarge,ami-0f8a61b66d1accaee,85dceec1-a18a-474b-8af1-f4288e84123c,success,,,,0.036603560999992624,3,763330.168032172,417.0494882178027,762841.2621194664,763747.2175203898,68800000,90.13415191699869
clifft-history-v1-20260902,clifft-history-v1,aws-m7a-xlarge-ubuntu2404-v1,cbda229d-cce3-479d-b847-29f3df1e5e43,1,1,msc-d5-inject-cultivate-p1e-3--clifft-0.4.1,clifft-0.4.1,msc-d5-inject-cultivate-p1e-3,magic-state-cultivation,clifft-0.4.1,Clifft,0.4.1,0.4.1,clifft,throughput,false,1,20000,AMD EPYC 9R14,m7a.xlarge,ami-0f8a61b66d1accaee,85dceec1-a18a-474b-8af1-f4288e84123c,success,,,,0.04215156100008244,3,73211.86003213737,138.94702741861693,73072.91300471875,73527.79162296621,6620000,90.34935660300562
clifft-history-v1-20260902,clifft-history-v1,aws-m7a-xlarge-ubuntu2404-v1,cbda229d-cce3-479d-b847-29f3df1e5e43,1,1,distillation-color-code-85q-p5e-2--clifft-0.4.1,clifft-0.4.1,distillation-color-code-85q-p5e-2,magic-state-distillation,clifft-0.4.1,Clifft,0.4.1,0.4.1,clifft,throughput,false,1,100000,AMD EPYC 9R14,m7a.xlarge,ami-0f8a61b66d1accaee,85dceec1-a18a-474b-8af1-f4288e84123c,success,,,,0.03918934400007856,3,91463.1361854617,19.686243221804034,91443.4499422399,91789.74367086506,8400000,91.73794105300067
clifft-history-v1-20260902,clifft-history-v1,aws-m7a-xlarge-ubuntu2404-v1,cbda229d-cce3-479d-b847-29f3df1e5e43,1,1,surface-code-d7-r7-p1e-3--clifft-0.4.1,clifft-0.4.1,surface-code-d7-r7-p1e-3,surface-code-memory,clifft-0.4.1,Clifft,0.4.1,0.4.1,clifft,throughput,false,1,100000,AMD EPYC 9R14,m7a.xlarge,ami-0f8a61b66d1accaee,85dceec1-a18a-474b-8af1-f4288e84123c,success,,,,0.04485742799988657,3,309945.43502565974,737.9164975702297,309207.5185280895,316786.7289777446,28200000,90.38646949900067
clifft-history-v1-20260902,clifft-history-v1,aws-m7a-xlarge-ubuntu2404-v1,cbda229d-cce3-479d-b847-29f3df1e5e43,1,1,coherent-surface-d3-r1-p1e-3-rz2e-2--clifft-0.4.1,clifft-0.4.1,coherent-surface-d3-r1-p1e-3-rz2e-2,coherent-noise-surface-code,clifft-0.4.1,Clifft,0.4.1,0.4.1,clifft,throughput,false,1,100000,AMD EPYC 9R14,m7a.xlarge,ami-0f8a61b66d1accaee,85dceec1-a18a-474b-8af1-f4288e84123c,success,,,,0.0364287739998872,3,1063388.385992346,4523.889578195987,1048174.0949468103,1067912.275570542,95600000,90.20339424399663
clifft-history-v1-20260902,clifft-history-v1,aws-m7a-xlarge-ubuntu2404-v1,cbda229d-cce3-479d-b847-29f3df1e5e43,1,1,coherent-surface-d3-r3-p1e-3-rz2e-2--clifft-0.4.1,clifft-0.4.1,coherent-surface-d3-r3-p1e-3-rz2e-2,coherent-noise-surface-code,clifft-0.4.1,Clifft,0.4.1,0.4.1,clifft,throughput,false,1,100000,AMD EPYC 9R14,m7a.xlarge,ami-0f8a61b66d1accaee,85dceec1-a18a-474b-8af1-f4288e84123c,success,,,,0.03670919200021672,3,153766.54130245128,289.8283500360849,153214.33853886835,154056.36965248737,14000000,91.09743027500099
clifft-history-v1-20260902,clifft-history-v1,aws-m7a-xlarge-ubuntu2404-v1,cbda229d-cce3-479d-b847-29f3df1e5e43,1,1,coherent-surface-d5-r1-p1e-3-rz2e-2--clifft-0.4.1,clifft-0.4.1,coherent-surface-d5-r1-p1e-3-rz2e-2,coherent-noise-surface-code,clifft-0.4.1,Clifft,0.4.1,0.4.1,clifft,throughput,false,1,10000,AMD EPYC 9R14,m7a.xlarge,ami-0f8a61b66d1accaee,85dceec1-a18a-474b-8af1-f4288e84123c,success,,,,0.03725927400000728,3,9104.337005433295,0.08583869387985033,9104.251166739416,9110.581523152172,840000,92.2429303319982
clifft-history-v1-20260902,clifft-history-v1,aws-m7a-xlarge-ubuntu2404-v1,cbda229d-cce3-479d-b847-29f3df1e5e43,1,1,coherent-surface-d5-r5-p1e-3-rz2e-2--clifft-0.4.1,clifft-0.4.1,coherent-surface-d5-r5-p1e-3-rz2e-2,coherent-noise-surface-code,clifft-0.4.1,Clifft,0.4.1,0.4.1,clifft,throughput,false,1,1,AMD EPYC 9R14,m7a.xlarge,ami-0f8a61b66d1accaee,85dceec1-a18a-474b-8af1-f4288e84123c,success,,,,0.03901673499967728,3,0.379595048272653,0.001203165548192442,0.37839188272446056,0.4417355377061476,38,95.01896078800019
clifft-history-v1-20260902,clifft-history-v1,aws-m7a-xlarge-ubuntu2404-v1,cbda229d-cce3-479d-b847-29f3df1e5e43,1,1,msc-d3-inject-cultivate-p1e-3--clifft-0.5.0,clifft-0.5.0,msc-d3-inject-cultivate-p1e-3,magic-state-cultivation,clifft-0.5.0,Clifft,0.5.0,0.5.0,clifft,throughput,false,1,100000,AMD EPYC 9R14,m7a.xlarge,ami-0f8a61b66d1accaee,85dceec1-a18a-474b-8af1-f4288e84123c,success,,,,0.03686532299980172,3,825231.4849151484,447.52843290171586,814278.3956505987,825679.0133480501,74100000,90.17604864200621
clifft-history-v1-20260902,clifft-history-v1,aws-m7a-xlarge-ubuntu2404-v1,cbda229d-cce3-479d-b847-29f3df1e5e43,1,1,msc-d5-inject-cultivate-p1e-3--clifft-0.5.0,clifft-0.5.0,msc-d5-inject-cultivate-p1e-3,magic-state-cultivation,clifft-0.5.0,Clifft,0.5.0,0.5.0,clifft,throughput,false,1,20000,AMD EPYC 9R14,m7a.xlarge,ami-0f8a61b66d1accaee,85dceec1-a18a-474b-8af1-f4288e84123c,success,,,,0.04157857200016224,3,78725.7733600175,118.26750100044592,78200.0750698095,78844.04086101794,7120000,90.59669661400403
clifft-history-v1-20260902,clifft-history-v1,aws-m7a-xlarge-ubuntu2404-v1,cbda229d-cce3-479d-b847-29f3df1e5e43,1,1,distillation-color-code-85q-p5e-2--clifft-0.5.0,clifft-0.5.0,distillation-color-code-85q-p5e-2,magic-state-distillation,clifft-0.5.0,Clifft,0.5.0,0.5.0,clifft,throughput,false,1,100000,AMD EPYC 9R14,m7a.xlarge,ami-0f8a61b66d1accaee,85dceec1-a18a-474b-8af1-f4288e84123c,success,,,,0.03901569499976176,3,102704.02089511266,103.20456463700975,102600.81633047565,102873.40713446887,9300000,90.53213160299856
clifft-history-v1-20260902,clifft-history-v1,aws-m7a-xlarge-ubuntu2404-v1,cbda229d-cce3-479d-b847-29f3df1e5e43,1,1,surface-code-d7-r7-p1e-3--clifft-0.5.0,clifft-0.5.0,surface-code-d7-r7-p1e-3,surface-code-memory,clifft-0.5.0,Clifft,0.5.0,0.5.0,clifft,throughput,false,1,100000,AMD EPYC 9R14,m7a.xlarge,ami-0f8a61b66d1accaee,85dceec1-a18a-474b-8af1-f4288e84123c,success,,,,0.04495217799967577,3,325452.3822618484,101.22854226239724,325351.15371958603,326666.9655764072,29500000,90.53932760799353
clifft-history-v1-20260902,clifft-history-v1,aws-m7a-xlarge-ubuntu2404-v1,cbda229d-cce3-479d-b847-29f3df1e5e43,1,1,coherent-surface-d3-r1-p1e-3-rz2e-2--clifft-0.5.0,clifft-0.5.0,coherent-surface-d3-r1-p1e-3-rz2e-2,coherent-noise-surface-code,clifft-0.5.0,Clifft,0.5.0,0.5.0,clifft,throughput,false,1,100000,AMD EPYC 9R14,m7a.xlarge,ami-0f8a61b66d1accaee,85dceec1-a18a-474b-8af1-f4288e84123c,success,,,,0.036138710000159335,3,1142262.875500848,1018.1200430444442,1141244.7554578036,1147428.0550840222,103100000,90.15026137100404
clifft-history-v1-20260902,clifft-history-v1,aws-m7a-xlarge-ubuntu2404-v1,cbda229d-cce3-479d-b847-29f3df1e5e43,1,1,coherent-surface-d3-r3-p1e-3-rz2e-2--clifft-0.5.0,clifft-0.5.0,coherent-surface-d3-r3-p1e-3-rz2e-2,coherent-noise-surface-code,clifft-0.5.0,Clifft,0.5.0,0.5.0,clifft,throughput,false,1,100000,AMD EPYC 9R14,m7a.xlarge,ami-0f8a61b66d1accaee,85dceec1-a18a-474b-8af1-f4288e84123c,success,,,,0.03643388099999356,3,157956.69568333347,74.0091761489457,157798.80325691038,158030.70485948242,14400000,91.18040132699707
clifft-history-v1-20260902,clifft-history-v1,aws-m7a-xlarge-ubuntu2404-v1,cbda229d-cce3-479d-b847-29f3df1e5e43,1,1,coherent-surface-d5-r1-p1e-3-rz2e-2--clifft-0.5.0,clifft-0.5.0,coherent-surface-d5-r1-p1e-3-rz2e-2,coherent-noise-surface-code,clifft-0.5.0,Clifft,0.5.0,0.5.0,clifft,throughput,false,1,10000,AMD EPYC 9R14,m7a.xlarge,ami-0f8a61b66d1accaee,85dceec1-a18a-474b-8af1-f4288e84123c,success,,,,0.036925824000263674,3,9075.996967104622,1.2511138880145154,9072.513055167365,9077.248080992636,840000,92.55941058700091
clifft-history-v1-20260902,clifft-history-v1,aws-m7a-xlarge-ubuntu2404-v1,cbda229d-cce3-479d-b847-29f3df1e5e43,1,1,coherent-surface-d5-r5-p1e-3-rz2e-2--clifft-0.5.0,clifft-0.5.0,coherent-surface-d5-r5-p1e-3-rz2e-2,coherent-noise-surface-code,clifft-0.5.0,Clifft,0.5.0,0.5.0,clifft,throughput,false,1,1,AMD EPYC 9R14,m7a.xlarge,ami-0f8a61b66d1accaee,85dceec1-a18a-474b-8af1-f4288e84123c,success,,,,0.040384642999924836,3,0.38036947204199445,0.0009340270210975721,0.3794354450208969,0.44282290572990973,38,94.7895536420001
clifft-history-v1-20260902,clifft-history-v1,aws-m7a-xlarge-ubuntu2404-v1,cbda229d-cce3-479d-b847-29f3df1e5e43,1,1,msc-d3-inject-cultivate-p1e-3--clifft-0.6.0,clifft-0.6.0,msc-d3-inject-cultivate-p1e-3,magic-state-cultivation,clifft-0.6.0,Clifft,0.6.0,0.6.0,clifft,throughput,false,1,100000,AMD EPYC 9R14,m7a.xlarge,ami-0f8a61b66d1accaee,85dceec1-a18a-474b-8af1-f4288e84123c,success,,,,0.03695559400011916,3,823292.2976735296,634.9878382239258,822657.3098353057,825130.6312078945,74200000,90.08199497000123
clifft-history-v1-20260902,clifft-history-v1,aws-m7a-xlarge-ubuntu2404-v1,cbda229d-cce3-479d-b847-29f3df1e5e43,1,1,msc-d5-inject-cultivate-p1e-3--clifft-0.6.0,clifft-0.6.0,msc-d5-inject-cultivate-p1e-3,magic-state-cultivation,clifft-0.6.0,Clifft,0.6.0,0.6.0,clifft,throughput,false,1,20000,AMD EPYC 9R14,m7a.xlarge,ami-0f8a61b66d1accaee,85dceec1-a18a-474b-8af1-f4288e84123c,success,,,,0.04172196299987263,3,78457.06028750713,76.9393699799839,78142.23488970722,78533.99965748712,7080000,90.33216439399803
clifft-history-v1-20260902,clifft-history-v1,aws-m7a-xlarge-ubuntu2404-v1,cbda229d-cce3-479d-b847-29f3df1e5e43,1,1,distillation-color-code-85q-p5e-2--clifft-0.6.0,clifft-0.6.0,distillation-color-code-85q-p5e-2,magic-state-distillation,clifft-0.6.0,Clifft,0.6.0,0.6.0,clifft,throughput,false,1,100000,AMD EPYC 9R14,m7a.xlarge,ami-0f8a61b66d1accaee,85dceec1-a18a-474b-8af1-f4288e84123c,success,,,,0.039343677000033495,3,103319.85033738769,3.107066919168574,103287.05007567683,103322.95740430686,9300000,90.02037069400012
clifft-history-v1-20260902,clifft-history-v1,aws-m7a-xlarge-ubuntu2404-v1,cbda229d-cce3-479d-b847-29f3df1e5e43,1,1,surface-code-d7-r7-p1e-3--clifft-0.6.0,clifft-0.6.0,surface-code-d7-r7-p1e-3,surface-code-memory,clifft-0.6.0,Clifft,0.6.0,0.6.0,clifft,throughput,false,1,100000,AMD EPYC 9R14,m7a.xlarge,ami-0f8a61b66d1accaee,85dceec1-a18a-474b-8af1-f4288e84123c,success,,,,0.04540911200001574,3,322667.5695940633,5799.118495684059,316868.4510983792,330566.15587745403,29300000,90.60951421900336
clifft-history-v1-20260902,clifft-history-v1,aws-m7a-xlarge-ubuntu2404-v1,cbda229d-cce3-479d-b847-29f3df1e5e43,1,1,coherent-surface-d3-r1-p1e-3-rz2e-2--clifft-0.6.0,clifft-0.6.0,coherent-surface-d3-r1-p1e-3-rz2e-2,coherent-noise-surface-code,clifft-0.6.0,Clifft,0.6.0,0.6.0,clifft,throughput,false,1,100000,AMD EPYC 9R14,m7a.xlarge,ami-0f8a61b66d1accaee,85dceec1-a18a-474b-8af1-f4288e84123c,success,,,,0.036092841000026965,3,1161611.1891427636,7911.569435704965,1134063.331032816,1169522.7585784686,104100000,90.1255858559989
clifft-history-v1-20260902,clifft-history-v1,aws-m7a-xlarge-ubuntu2404-v1,cbda229d-cce3-479d-b847-29f3df1e5e43,1,1,coherent-surface-d3-r3-p1e-3-rz2e-2--clifft-0.6.0,clifft-0.6.0,coherent-surface-d3-r3-p1e-3-rz2e-2,coherent-noise-surface-code,clifft-0.6.0,Clifft,0.6.0,0.6.0,clifft,throughput,false,1,100000,AMD EPYC 9R14,m7a.xlarge,ami-0f8a61b66d1accaee,85dceec1-a18a-474b-8af1-f4288e84123c,success,,,,0.03746050799963996,3,158668.94965377523,15.121913873183075,158653.82773990204,158859.68346013772,14400000,90.72155863199623
clifft-history-v1-20260902,clifft-history-v1,aws-m7a-xlarge-ubuntu2404-v1,cbda229d-cce3-479d-b847-29f3df1e5e43,1,1,coherent-surface-d5-r1-p1e-3-rz2e-2--clifft-0.6.0,clifft-0.6.0,coherent-surface-d5-r1-p1e-3-rz2e-2,coherent-noise-surface-code,clifft-0.6.0,Clifft,0.6.0,0.6.0,clifft,throughput,false,1,10000,AMD EPYC 9R14,m7a.xlarge,ami-0f8a61b66d1accaee,85dceec1-a18a-474b-8af1-f4288e84123c,success,,,,0.03723574700052268,3,9230.110087510793,0.3982682103141997,9229.711819300479,9231.207569181588,840000,91.00420098200357
clifft-history-v1-20260902,clifft-history-v1,aws-m7a-xlarge-ubuntu2404-v1,cbda229d-cce3-479d-b847-29f3df1e5e43,1,1,coherent-surface-d5-r5-p1e-3-rz2e-2--clifft-0.6.0,clifft-0.6.0,coherent-surface-d5-r5-p1e-3-rz2e-2,coherent-noise-surface-code,clifft-0.6.0,Clifft,0.6.0,0.6.0,clifft,throughput,false,1,1,AMD EPYC 9R14,m7a.xlarge,ami-0f8a61b66d1accaee,85dceec1-a18a-474b-8af1-f4288e84123c,success,,,,0.03927626800032158,3,0.377613649107947,0.0010132316742873515,0.37660041743365963,0.4373735377606179,38,95.65177621800194
clifft-history-v1-20260902,clifft-history-v1,aws-m7a-xlarge-ubuntu2404-v1,cbda229d-cce3-479d-b847-29f3df1e5e43,1,1,msc-d3-inject-cultivate-p1e-3--clifft-0.7.0,clifft-0.7.0,msc-d3-inject-cultivate-p1e-3,magic-state-cultivation,clifft-0.7.0,Clifft,0.7.0,0.7.0,clifft,throughput,false,1,100000,AMD EPYC 9R14,m7a.xlarge,ami-0f8a61b66d1accaee,85dceec1-a18a-474b-8af1-f4288e84123c,success,,,,0.03728830699947139,3,787020.6495134967,384.29425340890884,786636.3552600878,789180.0585445518,71000000,90.14589355101634
clifft-history-v1-20260902,clifft-history-v1,aws-m7a-xlarge-ubuntu2404-v1,cbda229d-cce3-479d-b847-29f3df1e5e43,1,1,msc-d5-inject-cultivate-p1e-3--clifft-0.7.0,clifft-0.7.0,msc-d5-inject-cultivate-p1e-3,magic-state-cultivation,clifft-0.7.0,Clifft,0.7.0,0.7.0,clifft,throughput,false,1,20000,AMD EPYC 9R14,m7a.xlarge,ami-0f8a61b66d1accaee,85dceec1-a18a-474b-8af1-f4288e84123c,success,,,,0.04282808900006785,3,78496.3777864497,22.86503137399268,77757.47505478785,78519.24281782369,7060000,90.2149778339899
clifft-history-v1-20260902,clifft-history-v1,aws-m7a-xlarge-ubuntu2404-v1,cbda229d-cce3-479d-b847-29f3df1e5e43,1,1,distillation-color-code-85q-p5e-2--clifft-0.7.0,clifft-0.7.0,distillation-color-code-85q-p5e-2,magic-state-distillation,clifft-0.7.0,Clifft,0.7.0,0.7.0,clifft,throughput,false,1,100000,AMD EPYC 9R14,m7a.xlarge,ami-0f8a61b66d1accaee,85dceec1-a18a-474b-8af1-f4288e84123c,success,,,,0.040676216000065324,3,93076.97971367113,61.76772628186154,91243.10328714536,93138.74743995299,8400000,90.8325533210018
clifft-history-v1-20260902,clifft-history-v1,aws-m7a-xlarge-ubuntu2404-v1,cbda229d-cce3-479d-b847-29f3df1e5e43,1,1,surface-code-d7-r7-p1e-3--clifft-0.7.0,clifft-0.7.0,surface-code-d7-r7-p1e-3,surface-code-memory,clifft-0.7.0,Clifft,0.7.0,0.7.0,clifft,throughput,false,1,100000,AMD EPYC 9R14,m7a.xlarge,ami-0f8a61b66d1accaee,85dceec1-a18a-474b-8af1-f4288e84123c,success,,,,0.04563306399995781,3,329951.64095664554,474.05258250935003,327170.6198530812,330425.6935391549,29800000,90.52782806000687
clifft-history-v1-20260902,clifft-history-v1,aws-m7a-xlarge-ubuntu2404-v1,cbda229d-cce3-479d-b847-29f3df1e5e43,1,1,coherent-surface-d3-r1-p1e-3-rz2e-2--clifft-0.7.0,clifft-0.7.0,coherent-surface-d3-r1-p1e-3-rz2e-2,coherent-noise-surface-code,clifft-0.7.0,Clifft,0.7.0,0.7.0,clifft,throughput,false,1,100000,AMD EPYC 9R14,m7a.xlarge,ami-0f8a61b66d1accaee,85dceec1-a18a-474b-8af1-f4288e84123c,success,,,,0.03743769799984875,3,1113708.0314514528,114.45902541908436,1113593.5724260337,1114949.200516413,100500000,90.20869741500246
clifft-history-v1-20260902,clifft-history-v1,aws-m7a-xlarge-ubuntu2404-v1,cbda229d-cce3-479d-b847-29f3df1e5e43,1,1,coherent-surface-d3-r3-p1e-3-rz2e-2--clifft-0.7.0,clifft-0.7.0,coherent-surface-d3-r3-p1e-3-rz2e-2,coherent-noise-surface-code,clifft-0.7.0,Clifft,0.7.0,0.7.0,clifft,throughput,false,1,100000,AMD EPYC 9R14,m7a.xlarge,ami-0f8a61b66d1accaee,85dceec1-a18a-474b-8af1-f4288e84123c,success,,,,0.037117316000149,3,157711.17295332413,20.523187623883132,157674.0421243279,157731.696140948,14400000,91.30935708399556
clifft-history-v1-20260902,clifft-history-v1,aws-m7a-xlarge-ubuntu2404-v1,cbda229d-cce3-479d-b847-29f3df1e5e43,1,1,coherent-surface-d5-r1-p1e-3-rz2e-2--clifft-0.7.0,clifft-0.7.0,coherent-surface-d5-r1-p1e-3-rz2e-2,coherent-noise-surface-code,clifft-0.7.0,Clifft,0.7.0,0.7.0,clifft,throughput,false,1,10000,AMD EPYC 9R14,m7a.xlarge,ami-0f8a61b66d1accaee,85dceec1-a18a-474b-8af1-f4288e84123c,success,,,,0.03759107900077652,3,9298.287578214891,0.2041358837577718,9296.927714743371,9298.491714098649,840000,90.34295848199508
clifft-history-v1-20260902,clifft-history-v1,aws-m7a-xlarge-ubuntu2404-v1,cbda229d-cce3-479d-b847-29f3df1e5e43,1,1,coherent-surface-d5-r5-p1e-3-rz2e-2--clifft-0.7.0,clifft-0.7.0,coherent-surface-d5-r5-p1e-3-rz2e-2,coherent-noise-surface-code,clifft-0.7.0,Clifft,0.7.0,0.7.0,clifft,throughput,false,1,1,AMD EPYC 9R14,m7a.xlarge,ami-0f8a61b66d1accaee,85dceec1-a18a-474b-8af1-f4288e84123c,success,,,,0.039737091999995755,3,0.3776389869944478,0.0008877879889965246,0.3767511990054513,0.4399035292729161,38,95.45279861200197
clifft-history-v1-20260902,clifft-history-v1,aws-m7a-xlarge-ubuntu2404-v1,cbda229d-cce3-479d-b847-29f3df1e5e43,1,1,msc-d3-inject-cultivate-p1e-3--clifft-0.8.0,clifft-0.8.0,msc-d3-inject-cultivate-p1e-3,magic-state-cultivation,clifft-0.8.0,Clifft,0.8.0,0.8.0,clifft,throughput,false,1,100000,AMD EPYC 9R14,m7a.xlarge,ami-0f8a61b66d1accaee,85dceec1-a18a-474b-8af1-f4288e84123c,success,,,,0.03649375300028623,3,1102843.0794778983,613.3502804769669,1102229.7291974213,1103523.4441562302,99400000,90.12882403999265
clifft-history-v1-20260902,clifft-history-v1,aws-m7a-xlarge-ubuntu2404-v1,cbda229d-cce3-479d-b847-29f3df1e5e43,1,1,msc-d5-inject-cultivate-p1e-3--clifft-0.8.0,clifft-0.8.0,msc-d5-inject-cultivate-p1e-3,magic-state-cultivation,clifft-0.8.0,Clifft,0.8.0,0.8.0,clifft,throughput,false,1,20000,AMD EPYC 9R14,m7a.xlarge,ami-0f8a61b66d1accaee,85dceec1-a18a-474b-8af1-f4288e84123c,success,,,,0.04732946300009644,3,132124.85603762648,36.24054103955859,132088.61549658692,132184.22623826412,11940000,90.36380228200778
clifft-history-v1-20260902,clifft-history-v1,aws-m7a-xlarge-ubuntu2404-v1,cbda229d-cce3-479d-b847-29f3df1e5e43,1,1,distillation-color-code-85q-p5e-2--clifft-0.8.0,clifft-0.8.0,distillation-color-code-85q-p5e-2,magic-state-distillation,clifft-0.8.0,Clifft,0.8.0,0.8.0,clifft,throughput,false,1,100000,AMD EPYC 9R14,m7a.xlarge,ami-0f8a61b66d1accaee,85dceec1-a18a-474b-8af1-f4288e84123c,success,,,,0.03759287799948652,3,543783.967652773,88.43523078795988,543695.5324219851,544285.3864598286,49200000,90.45422834200508
clifft-history-v1-20260902,clifft-history-v1,aws-m7a-xlarge-ubuntu2404-v1,cbda229d-cce3-479d-b847-29f3df1e5e43,1,1,surface-code-d7-r7-p1e-3--clifft-0.8.0,clifft-0.8.0,surface-code-d7-r7-p1e-3,surface-code-memory,clifft-0.8.0,Clifft,0.8.0,0.8.0,clifft,throughput,false,1,100000,AMD EPYC 9R14,m7a.xlarge,ami-0f8a61b66d1accaee,85dceec1-a18a-474b-8af1-f4288e84123c,success,,,,0.04858280999997078,3,468734.4423953073,56.37312035629293,468678.069274951,468794.5361821671,42300000,90.24275728100656
clifft-history-v1-20260902,clifft-history-v1,aws-m7a-xlarge-ubuntu2404-v1,cbda229d-cce3-479d-b847-29f3df1e5e43,1,1,coherent-surface-d3-r1-p1e-3-rz2e-2--clifft-0.8.0,clifft-0.8.0,coherent-surface-d3-r1-p1e-3-rz2e-2,coherent-noise-surface-code,clifft-0.8.0,Clifft,0.8.0,0.8.0,clifft,throughput,false,1,100000,AMD EPYC 9R14,m7a.xlarge,ami-0f8a61b66d1accaee,85dceec1-a18a-474b-8af1-f4288e84123c,success,,,,0.03552813700025581,3,1369189.4040000879,40.744979495415464,1368949.089041758,1369230.1489795833,123300000,90.0576586310035
clifft-history-v1-20260902,clifft-history-v1,aws-m7a-xlarge-ubuntu2404-v1,cbda229d-cce3-479d-b847-29f3df1e5e43,1,1,coherent-surface-d3-r3-p1e-3-rz2e-2--clifft-0.8.0,clifft-0.8.0,coherent-surface-d3-r3-p1e-3-rz2e-2,coherent-noise-surface-code,clifft-0.8.0,Clifft,0.8.0,0.8.0,clifft,throughput,false,1,100000,AMD EPYC 9R14,m7a.xlarge,ami-0f8a61b66d1accaee,85dceec1-a18a-474b-8af1-f4288e84123c,success,,,,0.03556634600045072,3,325166.3492288564,143.30540073703742,324907.8139987605,325309.6546295934,29400000,90.42596510200019
clifft-history-v1-20260902,clifft-history-v1,aws-m7a-xlarge-ubuntu2404-v1,cbda229d-cce3-479d-b847-29f3df1e5e43,1,1,coherent-surface-d5-r1-p1e-3-rz2e-2--clifft-0.8.0,clifft-0.8.0,coherent-surface-d5-r1-p1e-3-rz2e-2,coherent-noise-surface-code,clifft-0.8.0,Clifft,0.8.0,0.8.0,clifft,throughput,false,1,10000,AMD EPYC 9R14,m7a.xlarge,ami-0f8a61b66d1accaee,85dceec1-a18a-474b-8af1-f4288e84123c,success,,,,0.03621929099972476,3,14548.929771114243,0.03214559014850238,14548.897625524094,14549.927558258933,1320000,90.72631589799676
clifft-history-v1-20260902,clifft-history-v1,aws-m7a-xlarge-ubuntu2404-v1,cbda229d-cce3-479d-b847-29f3df1e5e43,1,1,coherent-surface-d5-r5-p1e-3-rz2e-2--clifft-0.8.0,clifft-0.8.0,coherent-surface-d5-r5-p1e-3-rz2e-2,coherent-noise-surface-code,clifft-0.8.0,Clifft,0.8.0,0.8.0,clifft,throughput,false,1,1,AMD EPYC 9R14,m7a.xlarge,ami-0f8a61b66d1accaee,85dceec1-a18a-474b-8af1-f4288e84123c,success,,,,0.039091397000447614,3,6.33098683034438,0.0667770498821838,5.837974406450022,6.397763880226564,560,90.48495401398759
clifft-history-v1-20260902,clifft-history-v1,aws-m7a-xlarge-ubuntu2404-v1,cbda229d-cce3-479d-b847-29f3df1e5e43,1,1,msc-d3-inject-cultivate-p1e-3--clifft-0.9.0,clifft-0.9.0,msc-d3-inject-cultivate-p1e-3,magic-state-cultivation,clifft-0.9.0,Clifft,0.9.0,0.9.0,clifft,throughput,false,1,100000,AMD EPYC 9R14,m7a.xlarge,ami-0f8a61b66d1accaee,85dceec1-a18a-474b-8af1-f4288e84123c,success,,,,0.036512693999611656,3,1198683.1646336408,1109.518948609475,1195672.9800780453,1199792.6835822503,107900000,90.06307292202109
clifft-history-v1-20260902,clifft-history-v1,aws-m7a-xlarge-ubuntu2404-v1,cbda229d-cce3-479d-b847-29f3df1e5e43,1,1,msc-d5-inject-cultivate-p1e-3--clifft-0.9.0,clifft-0.9.0,msc-d5-inject-cultivate-p1e-3,magic-state-cultivation,clifft-0.9.0,Clifft,0.9.0,0.9.0,clifft,throughput,false,1,20000,AMD EPYC 9R14,m7a.xlarge,ami-0f8a61b66d1accaee,85dceec1-a18a-474b-8af1-f4288e84123c,success,,,,0.04799732900028175,3,162064.0201659557,76.00392573169665,161031.92778601608,162140.0240916874,14600000,90.26515068599929
clifft-history-v1-20260902,clifft-history-v1,aws-m7a-xlarge-ubuntu2404-v1,cbda229d-cce3-479d-b847-29f3df1e5e43,1,1,distillation-color-code-85q-p5e-2--clifft-0.9.0,clifft-0.9.0,distillation-color-code-85q-p5e-2,magic-state-distillation,clifft-0.9.0,Clifft,0.9.0,0.9.0,clifft,throughput,false,1,100000,AMD EPYC 9R14,m7a.xlarge,ami-0f8a61b66d1accaee,85dceec1-a18a-474b-8af1-f4288e84123c,success,,,,0.0375903610001842,3,577574.4340781088,108.72308065672405,577465.710997452,578012.7512380375,52200000,90.36078850400463
clifft-history-v1-20260902,clifft-history-v1,aws-m7a-xlarge-ubuntu2404-v1,cbda229d-cce3-479d-b847-29f3df1e5e43,1,1,surface-code-d7-r7-p1e-3--clifft-0.9.0,clifft-0.9.0,surface-code-d7-r7-p1e-3,surface-code-memory,clifft-0.9.0,Clifft,0.9.0,0.9.0,clifft,throughput,false,1,100000,AMD EPYC 9R14,m7a.xlarge,ami-0f8a61b66d1accaee,85dceec1-a18a-474b-8af1-f4288e84123c,success,,,,0.048979654000504524,3,471374.5393575912,14.169258222507779,471360.3700993687,471419.28370317264,42600000,90.3720407439996
clifft-history-v1-20260902,clifft-history-v1,aws-m7a-xlarge-ubuntu2404-v1,cbda229d-cce3-479d-b847-29f3df1e5e43,1,1,coherent-surface-d3-r1-p1e-3-rz2e-2--clifft-0.9.0,clifft-0.9.0,coherent-surface-d3-r1-p1e-3-rz2e-2,coherent-noise-surface-code,clifft-0.9.0,Clifft,0.9.0,0.9.0,clifft,throughput,false,1,100000,AMD EPYC 9R14,m7a.xlarge,ami-0f8a61b66d1accaee,85dceec1-a18a-474b-8af1-f4288e84123c,success,,,,0.035651729999699455,3,1890785.3593874031,32.97773946844973,1890752.3816479347,1891143.7309382767,170400000,90.11611299098331
clifft-history-v1-20260902,clifft-history-v1,aws-m7a-xlarge-ubuntu2404-v1,cbda229d-cce3-479d-b847-29f3df1e5e43,1,1,coherent-surface-d3-r3-p1e-3-rz2e-2--clifft-0.9.0,clifft-0.9.0,coherent-surface-d3-r3-p1e-3-rz2e-2,coherent-noise-surface-code,clifft-0.9.0,Clifft,0.9.0,0.9.0,clifft,throughput,false,1,100000,AMD EPYC 9R14,m7a.xlarge,ami-0f8a61b66d1accaee,85dceec1-a18a-474b-8af1-f4288e84123c,success,,,,0.03594297200015717,3,461937.1612458187,3.785221169644501,461863.82442078186,461940.94646698836,41700000,90.27654993900524
clifft-history-v1-20260902,clifft-history-v1,aws-m7a-xlarge-ubuntu2404-v1,cbda229d-cce3-479d-b847-29f3df1e5e43,1,1,coherent-surface-d5-r1-p1e-3-rz2e-2--clifft-0.9.0,clifft-0.9.0,coherent-surface-d5-r1-p1e-3-rz2e-2,coherent-noise-surface-code,clifft-0.9.0,Clifft,0.9.0,0.9.0,clifft,throughput,false,1,10000,AMD EPYC 9R14,m7a.xlarge,ami-0f8a61b66d1accaee,85dceec1-a18a-474b-8af1-f4288e84123c,success,,,,0.03677894600059517,3,14703.56490966101,0.5886686831508996,14702.97624097786,14704.663297430885,1350000,91.81340794999505
clifft-history-v1-20260902,clifft-history-v1,aws-m7a-xlarge-ubuntu2404-v1,cbda229d-cce3-479d-b847-29f3df1e5e43,1,1,coherent-surface-d5-r5-p1e-3-rz2e-2--clifft-0.9.0,clifft-0.9.0,coherent-surface-d5-r5-p1e-3-rz2e-2,coherent-noise-surface-code,clifft-0.9.0,Clifft,0.9.0,0.9.0,clifft,throughput,false,1,1,AMD EPYC 9R14,m7a.xlarge,ami-0f8a61b66d1accaee,85dceec1-a18a-474b-8af1-f4288e84123c,success,,,,0.039371971000036865,3,6.643050892665062,0.034352062263197425,6.608698830401865,7.017749943311207,610,90.2850934320104
clifft-history-v1-20260902,clifft-history-v1,aws-m7a-xlarge-ubuntu2404-v1,cbda229d-cce3-479d-b847-29f3df1e5e43,1,1,msc-d3-inject-cultivate-p1e-3--clifft-0.10.0rc1,clifft-0.10.0rc1,msc-d3-inject-cultivate-p1e-3,magic-state-cultivation,clifft-0.10.0rc1,Clifft,0.10.0rc1,0.10.0,clifft,throughput,false,1,100000,AMD EPYC 9R14,m7a.xlarge,ami-0f8a61b66d1accaee,85dceec1-a18a-474b-8af1-f4288e84123c,success,,,,0.03707668800052488,3,1372532.1507222082,12.147899985779077,1372520.0028222224,1373099.6357571462,123600000,90.04039514801389
clifft-history-v1-20260902,clifft-history-v1,aws-m7a-xlarge-ubuntu2404-v1,cbda229d-cce3-479d-b847-29f3df1e5e43,1,1,msc-d5-inject-cultivate-p1e-3--clifft-0.10.0rc1,clifft-0.10.0rc1,msc-d5-inject-cultivate-p1e-3,magic-state-cultivation,clifft-0.10.0rc1,Clifft,0.10.0rc1,0.10.0,clifft,throughput,false,1,20000,AMD EPYC 9R14,m7a.xlarge,ami-0f8a61b66d1accaee,85dceec1-a18a-474b-8af1-f4288e84123c,success,,,,0.053146829000070284,3,180944.26909502904,82.02147380899987,180808.03225145483,181026.29056883804,16320000,90.20254823999403
clifft-history-v1-20260902,clifft-history-v1,aws-m7a-xlarge-ubuntu2404-v1,cbda229d-cce3-479d-b847-29f3df1e5e43,1,1,distillation-color-code-85q-p5e-2--clifft-0.10.0rc1,clifft-0.10.0rc1,distillation-color-code-85q-p5e-2,magic-state-distillation,clifft-0.10.0rc1,Clifft,0.10.0rc1,0.10.0,clifft,throughput,false,1,100000,AMD EPYC 9R14,m7a.xlarge,ami-0f8a61b66d1accaee,85dceec1-a18a-474b-8af1-f4288e84123c,success,,,,0.03711183800078288,3,694907.2716208585,84.17783363780472,694814.9259684291,694991.4494544963,62700000,90.228220212005
clifft-history-v1-20260902,clifft-history-v1,aws-m7a-xlarge-ubuntu2404-v1,cbda229d-cce3-479d-b847-29f3df1e5e43,1,1,surface-code-d7-r7-p1e-3--clifft-0.10.0rc1,clifft-0.10.0rc1,surface-code-d7-r7-p1e-3,surface-code-memory,clifft-0.10.0rc1,Clifft,0.10.0rc1,0.10.0,clifft,throughput,false,1,100000,AMD EPYC 9R14,m7a.xlarge,ami-0f8a61b66d1accaee,85dceec1-a18a-474b-8af1-f4288e84123c,success,,,,0.047995710000577674,3,559513.7980452459,47.30356445454527,559402.1374738103,559561.1016097005,50400000,90.08166260301277
clifft-history-v1-20260902,clifft-history-v1,aws-m7a-xlarge-ubuntu2404-v1,cbda229d-cce3-479d-b847-29f3df1e5e43,1,1,coherent-surface-d3-r1-p1e-3-rz2e-2--clifft-0.10.0rc1,clifft-0.10.0rc1,coherent-surface-d3-r1-p1e-3-rz2e-2,coherent-noise-surface-code,clifft-0.10.0rc1,Clifft,0.10.0rc1,0.10.0,clifft,throughput,false,1,100000,AMD EPYC 9R14,m7a.xlarge,ami-0f8a61b66d1accaee,85dceec1-a18a-474b-8af1-f4288e84123c,success,,,,0.03559692999988329,3,2308590.039254182,40.556070004124194,2308549.483184178,2308770.2202271367,207900000,90.05315175201576
clifft-history-v1-20260902,clifft-history-v1,aws-m7a-xlarge-ubuntu2404-v1,cbda229d-cce3-479d-b847-29f3df1e5e43,1,1,coherent-surface-d3-r3-p1e-3-rz2e-2--clifft-0.10.0rc1,clifft-0.10.0rc1,coherent-surface-d3-r3-p1e-3-rz2e-2,coherent-noise-surface-code,clifft-0.10.0rc1,Clifft,0.10.0rc1,0.10.0,clifft,throughput,false,1,100000,AMD EPYC 9R14,m7a.xlarge,ami-0f8a61b66d1accaee,85dceec1-a18a-474b-8af1-f4288e84123c,success,,,,0.0358673609998732,3,1054380.5609836096,64.61594991292804,1054315.9450336967,1054642.6964192132,95100000,90.18950762599434
clifft-history-v1-20260902,clifft-history-v1,aws-m7a-xlarge-ubuntu2404-v1,cbda229d-cce3-479d-b847-29f3df1e5e43,1,1,coherent-surface-d5-r1-p1e-3-rz2e-2--clifft-0.10.0rc1,clifft-0.10.0rc1,coherent-surface-d5-r1-p1e-3-rz2e-2,coherent-noise-surface-code,clifft-0.10.0rc1,Clifft,0.10.0rc1,0.10.0,clifft,throughput,false,1,10000,AMD EPYC 9R14,m7a.xlarge,ami-0f8a61b66d1accaee,85dceec1-a18a-474b-8af1-f4288e84123c,success,,,,0.036156653000034567,3,69859.34763456607,2.097669978189515,69851.20191259142,69861.44530454426,6300000,90.1838057559944
clifft-history-v1-20260902,clifft-history-v1,aws-m7a-xlarge-ubuntu2404-v1,cbda229d-cce3-479d-b847-29f3df1e5e43,1,1,coherent-surface-d5-r5-p1e-3-rz2e-2--clifft-0.10.0rc1,clifft-0.10.0rc1,coherent-surface-d5-r5-p1e-3-rz2e-2,coherent-noise-surface-code,clifft-0.10.0rc1,Clifft,0.10.0rc1,0.10.0,clifft,throughput,false,1,1,AMD EPYC 9R14,m7a.xlarge,ami-0f8a61b66d1accaee,85dceec1-a18a-474b-8af1-f4288e84123c,success,,,,0.03898235900032887,3,5863.880767028787,1.519599044120696,5862.361167984666,5871.094639100284,527921,90.00015392907426
