execution_id,campaign_id,hardware_epoch,campaign_run_id,result_id,placement,replica,case_id,pair_id,workload_id,workload_family,implementation_id,simulator_name,simulator_version,adapter,mode,batch_enabled,batch_size_effective,shots_per_call,cpu_model,instance_type,image_id,boot_id,status,error_phase,error_type,error_message,setup_seconds,sample_count,median_attempted_shots_per_second,mad_attempted_shots_per_second,min_attempted_shots_per_second,max_attempted_shots_per_second,total_attempted_shots,total_duration_seconds
clifft-history-v1-20260825-r1,clifft-history-v1,aws-m7a-xlarge-ubuntu2404-v1,clifft-0.1.0,423b40f8-a709-42bb-b683-16b30b2be61e,1,1,msc-d3-inject-cultivate-p1e-3--clifft-0.1.0,,msc-d3-inject-cultivate-p1e-3,magic-state-cultivation,clifft-0.1.0,Clifft,0.1.0,clifft,throughput,false,1,100000,AMD EPYC 9R14,m7a.xlarge,ami-0f8a61b66d1accaee,459354a4-c002-4feb-a542-95befe0c2e78,success,,,,0.03741995299999701,3,883161.3211191765,83.95533427468035,883077.3657849018,883802.9775912272,26700000,30.225943936000093
clifft-history-v1-20260825-r1,clifft-history-v1,aws-m7a-xlarge-ubuntu2404-v1,clifft-0.1.0,423b40f8-a709-42bb-b683-16b30b2be61e,1,1,msc-d5-inject-cultivate-p1e-3--clifft-0.1.0,,msc-d5-inject-cultivate-p1e-3,magic-state-cultivation,clifft-0.1.0,Clifft,0.1.0,clifft,throughput,false,1,20000,AMD EPYC 9R14,m7a.xlarge,ami-0f8a61b66d1accaee,459354a4-c002-4feb-a542-95befe0c2e78,success,,,,0.04444184999999834,3,80974.11081114352,100.5341773890832,80873.57663375443,81087.83466072434,2460000,30.378466504000073
clifft-history-v1-20260825-r1,clifft-history-v1,aws-m7a-xlarge-ubuntu2404-v1,clifft-0.1.0,423b40f8-a709-42bb-b683-16b30b2be61e,1,1,distillation-color-code-85q-p5e-2--clifft-0.1.0,,distillation-color-code-85q-p5e-2,magic-state-distillation,clifft-0.1.0,Clifft,0.1.0,clifft,throughput,false,1,100000,AMD EPYC 9R14,m7a.xlarge,ami-0f8a61b66d1accaee,459354a4-c002-4feb-a542-95befe0c2e78,success,,,,0.03885712300001387,3,100778.58089553252,33.605561664589914,100744.97533386793,103711.98941586779,3300000,32.4399718790001
clifft-history-v1-20260825-r1,clifft-history-v1,aws-m7a-xlarge-ubuntu2404-v1,clifft-0.1.0,423b40f8-a709-42bb-b683-16b30b2be61e,1,1,surface-code-d7-r7-p1e-3--clifft-0.1.0,,surface-code-d7-r7-p1e-3,surface-code-memory,clifft-0.1.0,Clifft,0.1.0,clifft,throughput,false,1,100000,AMD EPYC 9R14,m7a.xlarge,ami-0f8a61b66d1accaee,459354a4-c002-4feb-a542-95befe0c2e78,success,,,,0.045766178999997464,3,394307.63348598353,470.1946741640568,390631.9320382962,394777.8281601476,12000000,30.51646315800008
clifft-history-v1-20260825-r1,clifft-history-v1,aws-m7a-xlarge-ubuntu2404-v1,clifft-0.1.0,423b40f8-a709-42bb-b683-16b30b2be61e,1,1,coherent-surface-d3-r1-p1e-3-rz2e-2--clifft-0.1.0,,coherent-surface-d3-r1-p1e-3-rz2e-2,coherent-noise-surface-code,clifft-0.1.0,Clifft,0.1.0,clifft,throughput,false,1,100000,AMD EPYC 9R14,m7a.xlarge,ami-0f8a61b66d1accaee,459354a4-c002-4feb-a542-95befe0c2e78,success,,,,0.036703255999981366,3,1205833.2739910637,3865.719898649957,1201967.5540924137,1214772.018221087,36400000,30.144418952999814
clifft-history-v1-20260825-r1,clifft-history-v1,aws-m7a-xlarge-ubuntu2404-v1,clifft-0.1.0,423b40f8-a709-42bb-b683-16b30b2be61e,1,1,coherent-surface-d3-r3-p1e-3-rz2e-2--clifft-0.1.0,,coherent-surface-d3-r3-p1e-3-rz2e-2,coherent-noise-surface-code,clifft-0.1.0,Clifft,0.1.0,clifft,throughput,false,1,100000,AMD EPYC 9R14,m7a.xlarge,ami-0f8a61b66d1accaee,459354a4-c002-4feb-a542-95befe0c2e78,success,,,,0.03713013700001966,3,162199.10296402505,174.98672610518406,161458.79763620158,162374.08969013023,5100000,31.47959842599994
clifft-history-v1-20260825-r1,clifft-history-v1,aws-m7a-xlarge-ubuntu2404-v1,clifft-0.1.0,423b40f8-a709-42bb-b683-16b30b2be61e,1,1,coherent-surface-d5-r1-p1e-3-rz2e-2--clifft-0.1.0,,coherent-surface-d5-r1-p1e-3-rz2e-2,coherent-noise-surface-code,clifft-0.1.0,Clifft,0.1.0,clifft,throughput,false,1,10000,AMD EPYC 9R14,m7a.xlarge,ami-0f8a61b66d1accaee,459354a4-c002-4feb-a542-95befe0c2e78,success,,,,0.03776727199999641,3,9261.89247703644,1.1765183040533884,9260.715958732386,9263.403911164842,300000,32.39039850199998
clifft-history-v1-20260825-r1,clifft-history-v1,aws-m7a-xlarge-ubuntu2404-v1,clifft-0.1.0,423b40f8-a709-42bb-b683-16b30b2be61e,1,1,coherent-surface-d5-r5-p1e-3-rz2e-2--clifft-0.1.0,,coherent-surface-d5-r5-p1e-3-rz2e-2,coherent-noise-surface-code,clifft-0.1.0,Clifft,0.1.0,clifft,throughput,false,1,1,AMD EPYC 9R14,m7a.xlarge,ami-0f8a61b66d1accaee,459354a4-c002-4feb-a542-95befe0c2e78,success,,,,0.039048616999991737,3,0.38880043349842514,0.08139229218137889,0.2821874496708091,0.470192725679804,13,34.125236475000065
clifft-history-v1-20260825-r1,clifft-history-v1,aws-m7a-xlarge-ubuntu2404-v1,clifft-0.2.0,7cdb4f0a-e0e8-4325-8d89-28d1691ed644,1,1,msc-d3-inject-cultivate-p1e-3--clifft-0.2.0,,msc-d3-inject-cultivate-p1e-3,magic-state-cultivation,clifft-0.2.0,Clifft,0.2.0,clifft,throughput,false,1,100000,AMD EPYC 9R14,m7a.xlarge,ami-0f8a61b66d1accaee,459354a4-c002-4feb-a542-95befe0c2e78,success,,,,0.03777052999998887,3,883762.4715533564,253.68359629320912,883508.7879570632,884557.1971432584,26700000,30.20558145099983
clifft-history-v1-20260825-r1,clifft-history-v1,aws-m7a-xlarge-ubuntu2404-v1,clifft-0.2.0,7cdb4f0a-e0e8-4325-8d89-28d1691ed644,1,1,msc-d5-inject-cultivate-p1e-3--clifft-0.2.0,,msc-d5-inject-cultivate-p1e-3,magic-state-cultivation,clifft-0.2.0,Clifft,0.2.0,clifft,throughput,false,1,20000,AMD EPYC 9R14,m7a.xlarge,ami-0f8a61b66d1accaee,459354a4-c002-4feb-a542-95befe0c2e78,success,,,,0.044123092000006636,3,80841.95361452988,172.07308054446185,80586.14965704591,81014.02669507434,2460000,30.4403980419998
clifft-history-v1-20260825-r1,clifft-history-v1,aws-m7a-xlarge-ubuntu2404-v1,clifft-0.2.0,7cdb4f0a-e0e8-4325-8d89-28d1691ed644,1,1,distillation-color-code-85q-p5e-2--clifft-0.2.0,,distillation-color-code-85q-p5e-2,magic-state-distillation,clifft-0.2.0,Clifft,0.2.0,clifft,throughput,false,1,100000,AMD EPYC 9R14,m7a.xlarge,ami-0f8a61b66d1accaee,459354a4-c002-4feb-a542-95befe0c2e78,success,,,,0.038572025999997095,3,103169.42552840343,49.79901163071918,102093.50927744708,103219.22454003415,3300000,32.09343920899994
clifft-history-v1-20260825-r1,clifft-history-v1,aws-m7a-xlarge-ubuntu2404-v1,clifft-0.2.0,7cdb4f0a-e0e8-4325-8d89-28d1691ed644,1,1,surface-code-d7-r7-p1e-3--clifft-0.2.0,,surface-code-d7-r7-p1e-3,surface-code-memory,clifft-0.2.0,Clifft,0.2.0,clifft,throughput,false,1,100000,AMD EPYC 9R14,m7a.xlarge,ami-0f8a61b66d1accaee,459354a4-c002-4feb-a542-95befe0c2e78,success,,,,0.04593066400002499,3,396450.6317678779,20.732688036048785,394958.61544734746,396471.36445591395,12000000,30.306173011999704
clifft-history-v1-20260825-r1,clifft-history-v1,aws-m7a-xlarge-ubuntu2404-v1,clifft-0.2.0,7cdb4f0a-e0e8-4325-8d89-28d1691ed644,1,1,coherent-surface-d3-r1-p1e-3-rz2e-2--clifft-0.2.0,,coherent-surface-d3-r1-p1e-3-rz2e-2,coherent-noise-surface-code,clifft-0.2.0,Clifft,0.2.0,clifft,throughput,false,1,100000,AMD EPYC 9R14,m7a.xlarge,ami-0f8a61b66d1accaee,459354a4-c002-4feb-a542-95befe0c2e78,success,,,,0.037106537999989087,3,1241465.9828214748,6382.17378540081,1205792.7263151628,1247848.1566068756,37100000,30.120878062999964
clifft-history-v1-20260825-r1,clifft-history-v1,aws-m7a-xlarge-ubuntu2404-v1,clifft-0.2.0,7cdb4f0a-e0e8-4325-8d89-28d1691ed644,1,1,coherent-surface-d3-r3-p1e-3-rz2e-2--clifft-0.2.0,,coherent-surface-d3-r3-p1e-3-rz2e-2,coherent-noise-surface-code,clifft-0.2.0,Clifft,0.2.0,clifft,throughput,false,1,100000,AMD EPYC 9R14,m7a.xlarge,ami-0f8a61b66d1accaee,459354a4-c002-4feb-a542-95befe0c2e78,success,,,,0.03684710800007451,3,161617.94056202128,10.953475337097188,161606.98708668418,161664.19927902927,5100000,31.553605783999842
clifft-history-v1-20260825-r1,clifft-history-v1,aws-m7a-xlarge-ubuntu2404-v1,clifft-0.2.0,7cdb4f0a-e0e8-4325-8d89-28d1691ed644,1,1,coherent-surface-d5-r1-p1e-3-rz2e-2--clifft-0.2.0,,coherent-surface-d5-r1-p1e-3-rz2e-2,coherent-noise-surface-code,clifft-0.2.0,Clifft,0.2.0,clifft,throughput,false,1,10000,AMD EPYC 9R14,m7a.xlarge,ami-0f8a61b66d1accaee,459354a4-c002-4feb-a542-95befe0c2e78,success,,,,0.04012023699999645,3,9277.784996879089,0.7932709496162715,9276.312413707625,9278.578267828705,300000,32.336093719999894
clifft-history-v1-20260825-r1,clifft-history-v1,aws-m7a-xlarge-ubuntu2404-v1,clifft-0.2.0,7cdb4f0a-e0e8-4325-8d89-28d1691ed644,1,1,coherent-surface-d5-r5-p1e-3-rz2e-2--clifft-0.2.0,,coherent-surface-d5-r5-p1e-3-rz2e-2,coherent-noise-surface-code,clifft-0.2.0,Clifft,0.2.0,clifft,throughput,false,1,1,AMD EPYC 9R14,m7a.xlarge,ami-0f8a61b66d1accaee,459354a4-c002-4feb-a542-95befe0c2e78,success,,,,0.039697631999956684,3,0.391285788583127,0.08155518929732458,0.28344866897624316,0.4728409778804516,13,33.936690393000276
clifft-history-v1-20260825-r1,clifft-history-v1,aws-m7a-xlarge-ubuntu2404-v1,clifft-0.3.0,d824ce96-d2c0-42ae-b942-4ca8e2d665ee,1,1,msc-d3-inject-cultivate-p1e-3--clifft-0.3.0,,msc-d3-inject-cultivate-p1e-3,magic-state-cultivation,clifft-0.3.0,Clifft,0.3.0,clifft,throughput,false,1,100000,AMD EPYC 9R14,m7a.xlarge,ami-0f8a61b66d1accaee,459354a4-c002-4feb-a542-95befe0c2e78,success,,,,0.038059313000076145,3,866185.2070511484,1012.6741041704081,861613.5603187787,867197.8811553188,26100000,30.173687761999417
clifft-history-v1-20260825-r1,clifft-history-v1,aws-m7a-xlarge-ubuntu2404-v1,clifft-0.3.0,d824ce96-d2c0-42ae-b942-4ca8e2d665ee,1,1,msc-d5-inject-cultivate-p1e-3--clifft-0.3.0,,msc-d5-inject-cultivate-p1e-3,magic-state-cultivation,clifft-0.3.0,Clifft,0.3.0,clifft,throughput,false,1,20000,AMD EPYC 9R14,m7a.xlarge,ami-0f8a61b66d1accaee,459354a4-c002-4feb-a542-95befe0c2e78,success,,,,0.048997079000059784,3,79524.57463301076,56.738381034490885,79467.83625197627,79730.29140795274,2400000,30.160577000999297
clifft-history-v1-20260825-r1,clifft-history-v1,aws-m7a-xlarge-ubuntu2404-v1,clifft-0.3.0,d824ce96-d2c0-42ae-b942-4ca8e2d665ee,1,1,distillation-color-code-85q-p5e-2--clifft-0.3.0,,distillation-color-code-85q-p5e-2,magic-state-distillation,clifft-0.3.0,Clifft,0.3.0,clifft,throughput,false,1,100000,AMD EPYC 9R14,m7a.xlarge,ami-0f8a61b66d1accaee,459354a4-c002-4feb-a542-95befe0c2e78,success,,,,0.0399698469999521,3,102233.7831802681,27.856174677304807,102205.9270055908,102276.38712864088,3300000,32.27740859300002
clifft-history-v1-20260825-r1,clifft-history-v1,aws-m7a-xlarge-ubuntu2404-v1,clifft-0.3.0,d824ce96-d2c0-42ae-b942-4ca8e2d665ee,1,1,surface-code-d7-r7-p1e-3--clifft-0.3.0,,surface-code-d7-r7-p1e-3,surface-code-memory,clifft-0.3.0,Clifft,0.3.0,clifft,throughput,false,1,100000,AMD EPYC 9R14,m7a.xlarge,ami-0f8a61b66d1accaee,459354a4-c002-4feb-a542-95befe0c2e78,success,,,,0.05194728899994061,3,385337.681668819,375.54690725851106,384728.90365906386,385713.2285760775,11700000,30.369139944999574
clifft-history-v1-20260825-r1,clifft-history-v1,aws-m7a-xlarge-ubuntu2404-v1,clifft-0.3.0,d824ce96-d2c0-42ae-b942-4ca8e2d665ee,1,1,coherent-surface-d3-r1-p1e-3-rz2e-2--clifft-0.3.0,,coherent-surface-d3-r1-p1e-3-rz2e-2,coherent-noise-surface-code,clifft-0.3.0,Clifft,0.3.0,clifft,throughput,false,1,100000,AMD EPYC 9R14,m7a.xlarge,ami-0f8a61b66d1accaee,459354a4-c002-4feb-a542-95befe0c2e78,success,,,,0.036870616999976846,3,1106913.7255101823,1159.6509808276314,1105754.0745293547,1108186.5903923758,33300000,30.082644016000472
clifft-history-v1-20260825-r1,clifft-history-v1,aws-m7a-xlarge-ubuntu2404-v1,clifft-0.3.0,d824ce96-d2c0-42ae-b942-4ca8e2d665ee,1,1,coherent-surface-d3-r3-p1e-3-rz2e-2--clifft-0.3.0,,coherent-surface-d3-r3-p1e-3-rz2e-2,coherent-noise-surface-code,clifft-0.3.0,Clifft,0.3.0,clifft,throughput,false,1,100000,AMD EPYC 9R14,m7a.xlarge,ami-0f8a61b66d1accaee,459354a4-c002-4feb-a542-95befe0c2e78,success,,,,0.03723652300004687,3,160002.29153398838,35.35994061062229,159578.17187431484,160037.651474599,5000000,31.273782074000337
clifft-history-v1-20260825-r1,clifft-history-v1,aws-m7a-xlarge-ubuntu2404-v1,clifft-0.3.0,d824ce96-d2c0-42ae-b942-4ca8e2d665ee,1,1,coherent-surface-d5-r1-p1e-3-rz2e-2--clifft-0.3.0,,coherent-surface-d5-r1-p1e-3-rz2e-2,coherent-noise-surface-code,clifft-0.3.0,Clifft,0.3.0,clifft,throughput,false,1,10000,AMD EPYC 9R14,m7a.xlarge,ami-0f8a61b66d1accaee,459354a4-c002-4feb-a542-95befe0c2e78,success,,,,0.037606272000061836,3,9232.823179102192,0.5193849076767947,9232.303794194515,9235.64138710205,300000,32.490074317999756
clifft-history-v1-20260825-r1,clifft-history-v1,aws-m7a-xlarge-ubuntu2404-v1,clifft-0.3.0,d824ce96-d2c0-42ae-b942-4ca8e2d665ee,1,1,coherent-surface-d5-r5-p1e-3-rz2e-2--clifft-0.3.0,,coherent-surface-d5-r5-p1e-3-rz2e-2,coherent-noise-surface-code,clifft-0.3.0,Clifft,0.3.0,clifft,throughput,false,1,1,AMD EPYC 9R14,m7a.xlarge,ami-0f8a61b66d1accaee,459354a4-c002-4feb-a542-95befe0c2e78,success,,,,0.040501412000025994,3,0.38578860813214666,0.07831721236272565,0.27687676160030494,0.4641058204948723,13,34.569016219999526
clifft-history-v1-20260825-r1,clifft-history-v1,aws-m7a-xlarge-ubuntu2404-v1,clifft-0.4.1,e16f5ce4-66de-4c13-8207-f12bacfbef9b,1,1,msc-d3-inject-cultivate-p1e-3--clifft-0.4.1,,msc-d3-inject-cultivate-p1e-3,magic-state-cultivation,clifft-0.4.1,Clifft,0.4.1,clifft,throughput,false,1,100000,AMD EPYC 9R14,m7a.xlarge,ami-0f8a61b66d1accaee,459354a4-c002-4feb-a542-95befe0c2e78,success,,,,0.03838723100000152,3,758614.5801987561,900.7996045361506,757713.7805942199,760721.0739671149,22900000,30.17041050199964
clifft-history-v1-20260825-r1,clifft-history-v1,aws-m7a-xlarge-ubuntu2404-v1,clifft-0.4.1,e16f5ce4-66de-4c13-8207-f12bacfbef9b,1,1,msc-d5-inject-cultivate-p1e-3--clifft-0.4.1,,msc-d5-inject-cultivate-p1e-3,magic-state-cultivation,clifft-0.4.1,Clifft,0.4.1,clifft,throughput,false,1,20000,AMD EPYC 9R14,m7a.xlarge,ami-0f8a61b66d1accaee,459354a4-c002-4feb-a542-95befe0c2e78,success,,,,0.04258469299998069,3,72892.33035653844,1.3853786097897682,72890.94497792865,72949.05598180133,2220000,30.448177816000225
clifft-history-v1-20260825-r1,clifft-history-v1,aws-m7a-xlarge-ubuntu2404-v1,clifft-0.4.1,e16f5ce4-66de-4c13-8207-f12bacfbef9b,1,1,distillation-color-code-85q-p5e-2--clifft-0.4.1,,distillation-color-code-85q-p5e-2,magic-state-distillation,clifft-0.4.1,Clifft,0.4.1,clifft,throughput,false,1,100000,AMD EPYC 9R14,m7a.xlarge,ami-0f8a61b66d1accaee,459354a4-c002-4feb-a542-95befe0c2e78,success,,,,0.039683749000005264,3,91581.74724502454,28.34747898108617,91553.39976604345,91643.33472422427,3000000,32.75366198600034
clifft-history-v1-20260825-r1,clifft-history-v1,aws-m7a-xlarge-ubuntu2404-v1,clifft-0.4.1,e16f5ce4-66de-4c13-8207-f12bacfbef9b,1,1,surface-code-d7-r7-p1e-3--clifft-0.4.1,,surface-code-d7-r7-p1e-3,surface-code-memory,clifft-0.4.1,Clifft,0.4.1,clifft,throughput,false,1,100000,AMD EPYC 9R14,m7a.xlarge,ami-0f8a61b66d1accaee,459354a4-c002-4feb-a542-95befe0c2e78,success,,,,0.045974671999942984,3,292509.3440508366,7344.152453881456,285165.1915969551,303839.47179794725,9000000,30.62838277000003
clifft-history-v1-20260825-r1,clifft-history-v1,aws-m7a-xlarge-ubuntu2404-v1,clifft-0.4.1,e16f5ce4-66de-4c13-8207-f12bacfbef9b,1,1,coherent-surface-d3-r1-p1e-3-rz2e-2--clifft-0.4.1,,coherent-surface-d3-r1-p1e-3-rz2e-2,coherent-noise-surface-code,clifft-0.4.1,Clifft,0.4.1,clifft,throughput,false,1,100000,AMD EPYC 9R14,m7a.xlarge,ami-0f8a61b66d1accaee,459354a4-c002-4feb-a542-95befe0c2e78,success,,,,0.0370438859999922,3,1088143.5053077617,14934.056663625408,1045798.4797178409,1103077.5619713871,32500000,30.119992035998166
clifft-history-v1-20260825-r1,clifft-history-v1,aws-m7a-xlarge-ubuntu2404-v1,clifft-0.4.1,e16f5ce4-66de-4c13-8207-f12bacfbef9b,1,1,coherent-surface-d3-r3-p1e-3-rz2e-2--clifft-0.4.1,,coherent-surface-d3-r3-p1e-3-rz2e-2,coherent-noise-surface-code,clifft-0.4.1,Clifft,0.4.1,clifft,throughput,false,1,100000,AMD EPYC 9R14,m7a.xlarge,ami-0f8a61b66d1accaee,459354a4-c002-4feb-a542-95befe0c2e78,success,,,,0.037279607000073156,3,150311.5394215106,48.33902545430465,149192.42228350684,150359.8784469649,4700000,31.339825173000236
clifft-history-v1-20260825-r1,clifft-history-v1,aws-m7a-xlarge-ubuntu2404-v1,clifft-0.4.1,e16f5ce4-66de-4c13-8207-f12bacfbef9b,1,1,coherent-surface-d5-r1-p1e-3-rz2e-2--clifft-0.4.1,,coherent-surface-d5-r1-p1e-3-rz2e-2,coherent-noise-surface-code,clifft-0.4.1,Clifft,0.4.1,clifft,throughput,false,1,10000,AMD EPYC 9R14,m7a.xlarge,ami-0f8a61b66d1accaee,459354a4-c002-4feb-a542-95befe0c2e78,success,,,,0.03786277900007917,3,9131.830806359701,0.27837709497543983,9130.00022937124,9132.109183454677,300000,32.85398165599986
clifft-history-v1-20260825-r1,clifft-history-v1,aws-m7a-xlarge-ubuntu2404-v1,clifft-0.4.1,e16f5ce4-66de-4c13-8207-f12bacfbef9b,1,1,coherent-surface-d5-r5-p1e-3-rz2e-2--clifft-0.4.1,,coherent-surface-d5-r5-p1e-3-rz2e-2,coherent-noise-surface-code,clifft-0.4.1,Clifft,0.4.1,clifft,throughput,false,1,1,AMD EPYC 9R14,m7a.xlarge,ami-0f8a61b66d1accaee,459354a4-c002-4feb-a542-95befe0c2e78,success,,,,0.03983413300011307,3,0.39300729338494206,0.07935963984075778,0.28593335156367067,0.47236693322569984,13,33.79935725999985
clifft-history-v1-20260825-r1,clifft-history-v1,aws-m7a-xlarge-ubuntu2404-v1,clifft-0.5.0,8002e2ba-abe7-44c1-8ca8-012b5f4c8457,1,1,msc-d3-inject-cultivate-p1e-3--clifft-0.5.0,,msc-d3-inject-cultivate-p1e-3,magic-state-cultivation,clifft-0.5.0,Clifft,0.5.0,clifft,throughput,false,1,100000,AMD EPYC 9R14,m7a.xlarge,ami-0f8a61b66d1accaee,459354a4-c002-4feb-a542-95befe0c2e78,success,,,,0.037461038999936136,3,812389.0679445424,1511.638216573745,806425.2858957164,813900.7061611161,24500000,30.212952743999722
clifft-history-v1-20260825-r1,clifft-history-v1,aws-m7a-xlarge-ubuntu2404-v1,clifft-0.5.0,8002e2ba-abe7-44c1-8ca8-012b5f4c8457,1,1,msc-d5-inject-cultivate-p1e-3--clifft-0.5.0,,msc-d5-inject-cultivate-p1e-3,magic-state-cultivation,clifft-0.5.0,Clifft,0.5.0,clifft,throughput,false,1,20000,AMD EPYC 9R14,m7a.xlarge,ami-0f8a61b66d1accaee,459354a4-c002-4feb-a542-95befe0c2e78,success,,,,0.042202845000019806,3,78312.54819026799,21.018758364283713,78291.5294319037,78385.710989574,2400000,30.63963738199959
clifft-history-v1-20260825-r1,clifft-history-v1,aws-m7a-xlarge-ubuntu2404-v1,clifft-0.5.0,8002e2ba-abe7-44c1-8ca8-012b5f4c8457,1,1,distillation-color-code-85q-p5e-2--clifft-0.5.0,,distillation-color-code-85q-p5e-2,magic-state-distillation,clifft-0.5.0,Clifft,0.5.0,clifft,throughput,false,1,100000,AMD EPYC 9R14,m7a.xlarge,ami-0f8a61b66d1accaee,459354a4-c002-4feb-a542-95befe0c2e78,success,,,,0.03971040699980222,3,102513.90215141595,374.4532458430622,102139.44890557289,102952.5206340365,3300000,32.184378931999845
clifft-history-v1-20260825-r1,clifft-history-v1,aws-m7a-xlarge-ubuntu2404-v1,clifft-0.5.0,8002e2ba-abe7-44c1-8ca8-012b5f4c8457,1,1,surface-code-d7-r7-p1e-3--clifft-0.5.0,,surface-code-d7-r7-p1e-3,surface-code-memory,clifft-0.5.0,Clifft,0.5.0,clifft,throughput,false,1,100000,AMD EPYC 9R14,m7a.xlarge,ami-0f8a61b66d1accaee,459354a4-c002-4feb-a542-95befe0c2e78,success,,,,0.045129262000045856,3,321700.80932842003,1262.408891258412,320438.4004371616,323921.6819059467,9900000,30.74401750400102
clifft-history-v1-20260825-r1,clifft-history-v1,aws-m7a-xlarge-ubuntu2404-v1,clifft-0.5.0,8002e2ba-abe7-44c1-8ca8-012b5f4c8457,1,1,coherent-surface-d3-r1-p1e-3-rz2e-2--clifft-0.5.0,,coherent-surface-d3-r1-p1e-3-rz2e-2,coherent-noise-surface-code,clifft-0.5.0,Clifft,0.5.0,clifft,throughput,false,1,100000,AMD EPYC 9R14,m7a.xlarge,ami-0f8a61b66d1accaee,459354a4-c002-4feb-a542-95befe0c2e78,success,,,,0.03682928099988203,3,1162023.9067159437,940.5071209997404,1150797.7217408207,1162964.4138369435,35000000,30.20910101099571
clifft-history-v1-20260825-r1,clifft-history-v1,aws-m7a-xlarge-ubuntu2404-v1,clifft-0.5.0,8002e2ba-abe7-44c1-8ca8-012b5f4c8457,1,1,coherent-surface-d3-r3-p1e-3-rz2e-2--clifft-0.5.0,,coherent-surface-d3-r3-p1e-3-rz2e-2,coherent-noise-surface-code,clifft-0.5.0,Clifft,0.5.0,clifft,throughput,false,1,100000,AMD EPYC 9R14,m7a.xlarge,ami-0f8a61b66d1accaee,459354a4-c002-4feb-a542-95befe0c2e78,success,,,,0.0373900039999171,3,159037.92353965013,22.825125403760467,158905.8602146288,159060.7486650539,4800000,30.188397964999012
clifft-history-v1-20260825-r1,clifft-history-v1,aws-m7a-xlarge-ubuntu2404-v1,clifft-0.5.0,8002e2ba-abe7-44c1-8ca8-012b5f4c8457,1,1,coherent-surface-d5-r1-p1e-3-rz2e-2--clifft-0.5.0,,coherent-surface-d5-r1-p1e-3-rz2e-2,coherent-noise-surface-code,clifft-0.5.0,Clifft,0.5.0,clifft,throughput,false,1,10000,AMD EPYC 9R14,m7a.xlarge,ami-0f8a61b66d1accaee,459354a4-c002-4feb-a542-95befe0c2e78,success,,,,0.03782977400010168,3,9236.454899396484,0.244588429804935,9236.210310966679,9237.190442957508,300000,32.4794186260001
clifft-history-v1-20260825-r1,clifft-history-v1,aws-m7a-xlarge-ubuntu2404-v1,clifft-0.5.0,8002e2ba-abe7-44c1-8ca8-012b5f4c8457,1,1,coherent-surface-d5-r5-p1e-3-rz2e-2--clifft-0.5.0,,coherent-surface-d5-r5-p1e-3-rz2e-2,coherent-noise-surface-code,clifft-0.5.0,Clifft,0.5.0,clifft,throughput,false,1,1,AMD EPYC 9R14,m7a.xlarge,ami-0f8a61b66d1accaee,459354a4-c002-4feb-a542-95befe0c2e78,success,,,,0.03962599499982389,3,0.39556657385853516,0.08407236050544759,0.2882432799570633,0.47963893436398275,13,33.47248044100024
clifft-history-v1-20260825-r1,clifft-history-v1,aws-m7a-xlarge-ubuntu2404-v1,clifft-0.6.0,a2c9ee06-210f-48a5-9a5d-0ebcef1419e3,1,1,msc-d3-inject-cultivate-p1e-3--clifft-0.6.0,,msc-d3-inject-cultivate-p1e-3,magic-state-cultivation,clifft-0.6.0,Clifft,0.6.0,clifft,throughput,false,1,100000,AMD EPYC 9R14,m7a.xlarge,ami-0f8a61b66d1accaee,459354a4-c002-4feb-a542-95befe0c2e78,success,,,,0.037324650000073234,3,819684.3570953335,179.2138351027388,818327.1243017301,819863.5709304363,24600000,30.0259574599977
clifft-history-v1-20260825-r1,clifft-history-v1,aws-m7a-xlarge-ubuntu2404-v1,clifft-0.6.0,a2c9ee06-210f-48a5-9a5d-0ebcef1419e3,1,1,msc-d5-inject-cultivate-p1e-3--clifft-0.6.0,,msc-d5-inject-cultivate-p1e-3,magic-state-cultivation,clifft-0.6.0,Clifft,0.6.0,clifft,throughput,false,1,20000,AMD EPYC 9R14,m7a.xlarge,ami-0f8a61b66d1accaee,459354a4-c002-4feb-a542-95befe0c2e78,success,,,,0.042005234000043856,3,78461.88368326583,52.87546570129052,78184.1613287942,78514.75914896712,2400000,30.617452134000587
clifft-history-v1-20260825-r1,clifft-history-v1,aws-m7a-xlarge-ubuntu2404-v1,clifft-0.6.0,a2c9ee06-210f-48a5-9a5d-0ebcef1419e3,1,1,distillation-color-code-85q-p5e-2--clifft-0.6.0,,distillation-color-code-85q-p5e-2,magic-state-distillation,clifft-0.6.0,Clifft,0.6.0,clifft,throughput,false,1,100000,AMD EPYC 9R14,m7a.xlarge,ami-0f8a61b66d1accaee,459354a4-c002-4feb-a542-95befe0c2e78,success,,,,0.039430173000027935,3,103294.79718842344,13.735556367886602,103111.12059549964,103308.53274479133,3300000,31.96495194599993
clifft-history-v1-20260825-r1,clifft-history-v1,aws-m7a-xlarge-ubuntu2404-v1,clifft-0.6.0,a2c9ee06-210f-48a5-9a5d-0ebcef1419e3,1,1,surface-code-d7-r7-p1e-3--clifft-0.6.0,,surface-code-d7-r7-p1e-3,surface-code-memory,clifft-0.6.0,Clifft,0.6.0,clifft,throughput,false,1,100000,AMD EPYC 9R14,m7a.xlarge,ami-0f8a61b66d1accaee,459354a4-c002-4feb-a542-95befe0c2e78,success,,,,0.045448522000015146,3,336812.1084222702,85.22206925571663,320709.5338230622,336897.33049152594,10100000,30.476429113999757
clifft-history-v1-20260825-r1,clifft-history-v1,aws-m7a-xlarge-ubuntu2404-v1,clifft-0.6.0,a2c9ee06-210f-48a5-9a5d-0ebcef1419e3,1,1,coherent-surface-d3-r1-p1e-3-rz2e-2--clifft-0.6.0,,coherent-surface-d3-r1-p1e-3-rz2e-2,coherent-noise-surface-code,clifft-0.6.0,Clifft,0.6.0,clifft,throughput,false,1,100000,AMD EPYC 9R14,m7a.xlarge,ami-0f8a61b66d1accaee,459354a4-c002-4feb-a542-95befe0c2e78,success,,,,0.03700038199986011,3,1121677.833688019,2530.1172740894835,1119147.7164139296,1127663.608541765,33800000,30.102528248001363
clifft-history-v1-20260825-r1,clifft-history-v1,aws-m7a-xlarge-ubuntu2404-v1,clifft-0.6.0,a2c9ee06-210f-48a5-9a5d-0ebcef1419e3,1,1,coherent-surface-d3-r3-p1e-3-rz2e-2--clifft-0.6.0,,coherent-surface-d3-r3-p1e-3-rz2e-2,coherent-noise-surface-code,clifft-0.6.0,Clifft,0.6.0,clifft,throughput,false,1,100000,AMD EPYC 9R14,m7a.xlarge,ami-0f8a61b66d1accaee,459354a4-c002-4feb-a542-95befe0c2e78,success,,,,0.037108659999830707,3,159634.8515916658,37.53724737823359,159487.11152236297,159672.38883904403,4800000,30.075550303
clifft-history-v1-20260825-r1,clifft-history-v1,aws-m7a-xlarge-ubuntu2404-v1,clifft-0.6.0,a2c9ee06-210f-48a5-9a5d-0ebcef1419e3,1,1,coherent-surface-d5-r1-p1e-3-rz2e-2--clifft-0.6.0,,coherent-surface-d5-r1-p1e-3-rz2e-2,coherent-noise-surface-code,clifft-0.6.0,Clifft,0.6.0,clifft,throughput,false,1,10000,AMD EPYC 9R14,m7a.xlarge,ami-0f8a61b66d1accaee,459354a4-c002-4feb-a542-95befe0c2e78,success,,,,0.03767777300004127,3,9247.404758508146,2.385568332134426,9243.092274398014,9249.79032684028,300000,32.443790837999586
clifft-history-v1-20260825-r1,clifft-history-v1,aws-m7a-xlarge-ubuntu2404-v1,clifft-0.6.0,a2c9ee06-210f-48a5-9a5d-0ebcef1419e3,1,1,coherent-surface-d5-r5-p1e-3-rz2e-2--clifft-0.6.0,,coherent-surface-d5-r5-p1e-3-rz2e-2,coherent-noise-surface-code,clifft-0.6.0,Clifft,0.6.0,clifft,throughput,false,1,1,AMD EPYC 9R14,m7a.xlarge,ami-0f8a61b66d1accaee,459354a4-c002-4feb-a542-95befe0c2e78,success,,,,0.03943549200016605,3,0.3961156742027323,0.07795058970901292,0.28642586150193416,0.4740662639117452,13,33.64353880299973
clifft-history-v1-20260825-r1,clifft-history-v1,aws-m7a-xlarge-ubuntu2404-v1,clifft-0.7.0,5a86bac6-4649-4c12-9bc5-a9078c6db303,1,1,msc-d3-inject-cultivate-p1e-3--clifft-0.7.0,,msc-d3-inject-cultivate-p1e-3,magic-state-cultivation,clifft-0.7.0,Clifft,0.7.0,clifft,throughput,false,1,100000,AMD EPYC 9R14,m7a.xlarge,ami-0f8a61b66d1accaee,459354a4-c002-4feb-a542-95befe0c2e78,success,,,,0.037664921999976286,3,790634.2679039047,282.61874051438645,790045.1449403171,790916.886644419,24000000,30.359304916998553
clifft-history-v1-20260825-r1,clifft-history-v1,aws-m7a-xlarge-ubuntu2404-v1,clifft-0.7.0,5a86bac6-4649-4c12-9bc5-a9078c6db303,1,1,msc-d5-inject-cultivate-p1e-3--clifft-0.7.0,,msc-d5-inject-cultivate-p1e-3,magic-state-cultivation,clifft-0.7.0,Clifft,0.7.0,clifft,throughput,false,1,20000,AMD EPYC 9R14,m7a.xlarge,ami-0f8a61b66d1accaee,459354a4-c002-4feb-a542-95befe0c2e78,success,,,,0.04279947000009088,3,77884.96820898926,11.723859383695526,77873.24434960556,77925.12807974531,2340000,30.04065480999975
clifft-history-v1-20260825-r1,clifft-history-v1,aws-m7a-xlarge-ubuntu2404-v1,clifft-0.7.0,5a86bac6-4649-4c12-9bc5-a9078c6db303,1,1,distillation-color-code-85q-p5e-2--clifft-0.7.0,,distillation-color-code-85q-p5e-2,magic-state-distillation,clifft-0.7.0,Clifft,0.7.0,clifft,throughput,false,1,100000,AMD EPYC 9R14,m7a.xlarge,ami-0f8a61b66d1accaee,459354a4-c002-4feb-a542-95befe0c2e78,success,,,,0.040098200999864275,3,92919.26169993695,5.328799729948514,92913.932900207,92926.89447112905,3000000,32.2858270689992
clifft-history-v1-20260825-r1,clifft-history-v1,aws-m7a-xlarge-ubuntu2404-v1,clifft-0.7.0,5a86bac6-4649-4c12-9bc5-a9078c6db303,1,1,surface-code-d7-r7-p1e-3--clifft-0.7.0,,surface-code-d7-r7-p1e-3,surface-code-memory,clifft-0.7.0,Clifft,0.7.0,clifft,throughput,false,1,100000,AMD EPYC 9R14,m7a.xlarge,ami-0f8a61b66d1accaee,459354a4-c002-4feb-a542-95befe0c2e78,success,,,,0.046394145000022036,3,333010.9909697987,52.42737745825434,332213.7973289488,333063.41834725696,10200000,30.652512563999835
clifft-history-v1-20260825-r1,clifft-history-v1,aws-m7a-xlarge-ubuntu2404-v1,clifft-0.7.0,5a86bac6-4649-4c12-9bc5-a9078c6db303,1,1,coherent-surface-d3-r1-p1e-3-rz2e-2--clifft-0.7.0,,coherent-surface-d3-r1-p1e-3-rz2e-2,coherent-noise-surface-code,clifft-0.7.0,Clifft,0.7.0,clifft,throughput,false,1,100000,AMD EPYC 9R14,m7a.xlarge,ami-0f8a61b66d1accaee,459354a4-c002-4feb-a542-95befe0c2e78,success,,,,0.03728077799996754,3,1117068.8099904964,557.0732356000226,1116511.7367548964,1119204.592824034,33600000,30.064589422996733
clifft-history-v1-20260825-r1,clifft-history-v1,aws-m7a-xlarge-ubuntu2404-v1,clifft-0.7.0,5a86bac6-4649-4c12-9bc5-a9078c6db303,1,1,coherent-surface-d3-r3-p1e-3-rz2e-2--clifft-0.7.0,,coherent-surface-d3-r3-p1e-3-rz2e-2,coherent-noise-surface-code,clifft-0.7.0,Clifft,0.7.0,clifft,throughput,false,1,100000,AMD EPYC 9R14,m7a.xlarge,ami-0f8a61b66d1accaee,459354a4-c002-4feb-a542-95befe0c2e78,success,,,,0.03761089399995399,3,157490.33174875582,27.465626017801696,157413.72540677007,157517.79737477363,4800000,30.48123406700006
clifft-history-v1-20260825-r1,clifft-history-v1,aws-m7a-xlarge-ubuntu2404-v1,clifft-0.7.0,5a86bac6-4649-4c12-9bc5-a9078c6db303,1,1,coherent-surface-d5-r1-p1e-3-rz2e-2--clifft-0.7.0,,coherent-surface-d5-r1-p1e-3-rz2e-2,coherent-noise-surface-code,clifft-0.7.0,Clifft,0.7.0,clifft,throughput,false,1,10000,AMD EPYC 9R14,m7a.xlarge,ami-0f8a61b66d1accaee,459354a4-c002-4feb-a542-95befe0c2e78,success,,,,0.03808889500010082,3,9337.30002554817,1.0909726300924376,9335.818124187943,9338.390998178262,300000,32.129650948999824
clifft-history-v1-20260825-r1,clifft-history-v1,aws-m7a-xlarge-ubuntu2404-v1,clifft-0.7.0,5a86bac6-4649-4c12-9bc5-a9078c6db303,1,1,coherent-surface-d5-r5-p1e-3-rz2e-2--clifft-0.7.0,,coherent-surface-d5-r5-p1e-3-rz2e-2,coherent-noise-surface-code,clifft-0.7.0,Clifft,0.7.0,clifft,throughput,false,1,1,AMD EPYC 9R14,m7a.xlarge,ami-0f8a61b66d1accaee,459354a4-c002-4feb-a542-95befe0c2e78,success,,,,0.04022623600008046,3,0.39173304016324845,0.08135715706147806,0.2839444553539101,0.4730901972247265,13,33.89805024800012
clifft-history-v1-20260825-r1,clifft-history-v1,aws-m7a-xlarge-ubuntu2404-v1,clifft-0.8.0,b03273c7-e79e-4aad-bc7f-9699190c8f6f,1,1,msc-d3-inject-cultivate-p1e-3--clifft-0.8.0,,msc-d3-inject-cultivate-p1e-3,magic-state-cultivation,clifft-0.8.0,Clifft,0.8.0,clifft,throughput,false,1,100000,AMD EPYC 9R14,m7a.xlarge,ami-0f8a61b66d1accaee,459354a4-c002-4feb-a542-95befe0c2e78,success,,,,0.03734797900006015,3,1088205.6396564657,6809.670334180817,1081395.969322285,1106341.9539011337,32900000,30.129117610002822
clifft-history-v1-20260825-r1,clifft-history-v1,aws-m7a-xlarge-ubuntu2404-v1,clifft-0.8.0,b03273c7-e79e-4aad-bc7f-9699190c8f6f,1,1,msc-d5-inject-cultivate-p1e-3--clifft-0.8.0,,msc-d5-inject-cultivate-p1e-3,magic-state-cultivation,clifft-0.8.0,Clifft,0.8.0,clifft,throughput,false,1,20000,AMD EPYC 9R14,m7a.xlarge,ami-0f8a61b66d1accaee,459354a4-c002-4feb-a542-95befe0c2e78,success,,,,0.04765905600015685,3,131728.6364796312,36.0930367691617,131648.0143890329,131764.72951640037,3960000,30.06519241000069
clifft-history-v1-20260825-r1,clifft-history-v1,aws-m7a-xlarge-ubuntu2404-v1,clifft-0.8.0,b03273c7-e79e-4aad-bc7f-9699190c8f6f,1,1,distillation-color-code-85q-p5e-2--clifft-0.8.0,,distillation-color-code-85q-p5e-2,magic-state-distillation,clifft-0.8.0,Clifft,0.8.0,clifft,throughput,false,1,100000,AMD EPYC 9R14,m7a.xlarge,ami-0f8a61b66d1accaee,459354a4-c002-4feb-a542-95befe0c2e78,success,,,,0.03762083200035704,3,543351.0241669575,35.942430188297294,543200.0401428281,543386.9665971458,16500000,30.369253407998258
clifft-history-v1-20260825-r1,clifft-history-v1,aws-m7a-xlarge-ubuntu2404-v1,clifft-0.8.0,b03273c7-e79e-4aad-bc7f-9699190c8f6f,1,1,surface-code-d7-r7-p1e-3--clifft-0.8.0,,surface-code-d7-r7-p1e-3,surface-code-memory,clifft-0.8.0,Clifft,0.8.0,clifft,throughput,false,1,100000,AMD EPYC 9R14,m7a.xlarge,ami-0f8a61b66d1accaee,459354a4-c002-4feb-a542-95befe0c2e78,success,,,,0.04918150699995749,3,467323.39897038805,47.69148305634735,467275.7074873317,467424.2619233738,14100000,30.17068167099933
clifft-history-v1-20260825-r1,clifft-history-v1,aws-m7a-xlarge-ubuntu2404-v1,clifft-0.8.0,b03273c7-e79e-4aad-bc7f-9699190c8f6f,1,1,coherent-surface-d3-r1-p1e-3-rz2e-2--clifft-0.8.0,,coherent-surface-d3-r1-p1e-3-rz2e-2,coherent-noise-surface-code,clifft-0.8.0,Clifft,0.8.0,clifft,throughput,false,1,100000,AMD EPYC 9R14,m7a.xlarge,ami-0f8a61b66d1accaee,459354a4-c002-4feb-a542-95befe0c2e78,success,,,,0.035989082000014605,3,1370951.074721134,751.384161724709,1370199.6905594093,1372447.2323839103,41400000,30.192560796006546
clifft-history-v1-20260825-r1,clifft-history-v1,aws-m7a-xlarge-ubuntu2404-v1,clifft-0.8.0,b03273c7-e79e-4aad-bc7f-9699190c8f6f,1,1,coherent-surface-d3-r3-p1e-3-rz2e-2--clifft-0.8.0,,coherent-surface-d3-r3-p1e-3-rz2e-2,coherent-noise-surface-code,clifft-0.8.0,Clifft,0.8.0,clifft,throughput,false,1,100000,AMD EPYC 9R14,m7a.xlarge,ami-0f8a61b66d1accaee,459354a4-c002-4feb-a542-95befe0c2e78,success,,,,0.036126583000168466,3,326974.6238703181,1.7111582744983025,324976.38456924516,326976.3350285926,9900000,30.339583854005014
clifft-history-v1-20260825-r1,clifft-history-v1,aws-m7a-xlarge-ubuntu2404-v1,clifft-0.8.0,b03273c7-e79e-4aad-bc7f-9699190c8f6f,1,1,coherent-surface-d5-r1-p1e-3-rz2e-2--clifft-0.8.0,,coherent-surface-d5-r1-p1e-3-rz2e-2,coherent-noise-surface-code,clifft-0.8.0,Clifft,0.8.0,clifft,throughput,false,1,10000,AMD EPYC 9R14,m7a.xlarge,ami-0f8a61b66d1accaee,459354a4-c002-4feb-a542-95befe0c2e78,success,,,,0.03669055699992896,3,14470.396798618476,1.1389044119459868,14469.25789420653,14477.491911416631,450000,31.093708156999583
clifft-history-v1-20260825-r1,clifft-history-v1,aws-m7a-xlarge-ubuntu2404-v1,clifft-0.8.0,b03273c7-e79e-4aad-bc7f-9699190c8f6f,1,1,coherent-surface-d5-r5-p1e-3-rz2e-2--clifft-0.8.0,,coherent-surface-d5-r5-p1e-3-rz2e-2,coherent-noise-surface-code,clifft-0.8.0,Clifft,0.8.0,clifft,throughput,false,1,1,AMD EPYC 9R14,m7a.xlarge,ami-0f8a61b66d1accaee,459354a4-c002-4feb-a542-95befe0c2e78,success,,,,0.0396869610003705,3,5.999986116031073,0.06651755490848821,5.933468561122584,6.295862223357191,183,30.1187244390012
clifft-history-v1-20260825-r1,clifft-history-v1,aws-m7a-xlarge-ubuntu2404-v1,clifft-0.9.0,142d3e65-b0a9-42f0-a0fa-89d1697f6781,1,1,msc-d3-inject-cultivate-p1e-3--clifft-0.9.0,,msc-d3-inject-cultivate-p1e-3,magic-state-cultivation,clifft-0.9.0,Clifft,0.9.0,clifft,throughput,false,1,100000,AMD EPYC 9R14,m7a.xlarge,ami-0f8a61b66d1accaee,459354a4-c002-4feb-a542-95befe0c2e78,success,,,,0.03711263900004269,3,1198804.5400048203,262.0442146868445,1195407.7765935499,1199066.5842195072,36000000,30.056172160000187
clifft-history-v1-20260825-r1,clifft-history-v1,aws-m7a-xlarge-ubuntu2404-v1,clifft-0.9.0,142d3e65-b0a9-42f0-a0fa-89d1697f6781,1,1,msc-d5-inject-cultivate-p1e-3--clifft-0.9.0,,msc-d5-inject-cultivate-p1e-3,magic-state-cultivation,clifft-0.9.0,Clifft,0.9.0,clifft,throughput,false,1,20000,AMD EPYC 9R14,m7a.xlarge,ami-0f8a61b66d1accaee,459354a4-c002-4feb-a542-95befe0c2e78,success,,,,0.047953323000001546,3,184656.10331142318,508.6223698911199,183278.6314716779,185164.7256813143,5560000,30.157247267000457
clifft-history-v1-20260825-r1,clifft-history-v1,aws-m7a-xlarge-ubuntu2404-v1,clifft-0.9.0,142d3e65-b0a9-42f0-a0fa-89d1697f6781,1,1,distillation-color-code-85q-p5e-2--clifft-0.9.0,,distillation-color-code-85q-p5e-2,magic-state-distillation,clifft-0.9.0,Clifft,0.9.0,clifft,throughput,false,1,100000,AMD EPYC 9R14,m7a.xlarge,ami-0f8a61b66d1accaee,459354a4-c002-4feb-a542-95befe0c2e78,success,,,,0.03778389300032359,3,577777.725658278,69.94461067370139,577527.057783969,577847.6702689517,17400000,30.118529302998468
clifft-history-v1-20260825-r1,clifft-history-v1,aws-m7a-xlarge-ubuntu2404-v1,clifft-0.9.0,142d3e65-b0a9-42f0-a0fa-89d1697f6781,1,1,surface-code-d7-r7-p1e-3--clifft-0.9.0,,surface-code-d7-r7-p1e-3,surface-code-memory,clifft-0.9.0,Clifft,0.9.0,clifft,throughput,false,1,100000,AMD EPYC 9R14,m7a.xlarge,ami-0f8a61b66d1accaee,459354a4-c002-4feb-a542-95befe0c2e78,success,,,,0.04934807599966007,3,465086.1261162991,15992.968343179557,449093.1577731196,485311.22077192715,14100000,30.222461743999247
clifft-history-v1-20260825-r1,clifft-history-v1,aws-m7a-xlarge-ubuntu2404-v1,clifft-0.9.0,142d3e65-b0a9-42f0-a0fa-89d1697f6781,1,1,coherent-surface-d3-r1-p1e-3-rz2e-2--clifft-0.9.0,,coherent-surface-d3-r1-p1e-3-rz2e-2,coherent-noise-surface-code,clifft-0.9.0,Clifft,0.9.0,clifft,throughput,false,1,100000,AMD EPYC 9R14,m7a.xlarge,ami-0f8a61b66d1accaee,459354a4-c002-4feb-a542-95befe0c2e78,success,,,,0.035999953000100504,3,1835713.011492817,11352.76696425653,1687826.554352085,1847065.7784570735,53800000,30.052116299993486
clifft-history-v1-20260825-r1,clifft-history-v1,aws-m7a-xlarge-ubuntu2404-v1,clifft-0.9.0,142d3e65-b0a9-42f0-a0fa-89d1697f6781,1,1,coherent-surface-d3-r3-p1e-3-rz2e-2--clifft-0.9.0,,coherent-surface-d3-r3-p1e-3-rz2e-2,coherent-noise-surface-code,clifft-0.9.0,Clifft,0.9.0,clifft,throughput,false,1,100000,AMD EPYC 9R14,m7a.xlarge,ami-0f8a61b66d1accaee,459354a4-c002-4feb-a542-95befe0c2e78,success,,,,0.03623824699980105,3,461319.2969852649,0.8834577581728809,461310.4480603523,461320.1804430231,14100000,30.564689679002186
clifft-history-v1-20260825-r1,clifft-history-v1,aws-m7a-xlarge-ubuntu2404-v1,clifft-0.9.0,142d3e65-b0a9-42f0-a0fa-89d1697f6781,1,1,coherent-surface-d5-r1-p1e-3-rz2e-2--clifft-0.9.0,,coherent-surface-d5-r1-p1e-3-rz2e-2,coherent-noise-surface-code,clifft-0.9.0,Clifft,0.9.0,clifft,throughput,false,1,10000,AMD EPYC 9R14,m7a.xlarge,ami-0f8a61b66d1accaee,459354a4-c002-4feb-a542-95befe0c2e78,success,,,,0.03675889799978904,3,14685.433074552546,0.18697265979608346,14682.978655238574,14685.620047212342,450000,30.644187481001154
clifft-history-v1-20260825-r1,clifft-history-v1,aws-m7a-xlarge-ubuntu2404-v1,clifft-0.9.0,142d3e65-b0a9-42f0-a0fa-89d1697f6781,1,1,coherent-surface-d5-r5-p1e-3-rz2e-2--clifft-0.9.0,,coherent-surface-d5-r5-p1e-3-rz2e-2,coherent-noise-surface-code,clifft-0.9.0,Clifft,0.9.0,clifft,throughput,false,1,1,AMD EPYC 9R14,m7a.xlarge,ami-0f8a61b66d1accaee,459354a4-c002-4feb-a542-95befe0c2e78,success,,,,0.03998443499995119,3,6.56659873313338,0.12128064166503094,6.445318091468349,6.85082623535871,201,30.35976883500325
