execution_id,campaign_id,hardware_epoch,placement,replica,comparison_id,workload_id,baseline_run_id,baseline_result_id,baseline_case_id,baseline_implementation_id,baseline_mode,baseline_batch_enabled,baseline_batch_size_effective,baseline_shots_per_call,candidate_run_id,candidate_result_id,candidate_case_id,candidate_implementation_id,candidate_mode,candidate_batch_enabled,candidate_batch_size_effective,candidate_shots_per_call,statistic,baseline_rate,candidate_rate,ratio_candidate_over_baseline,symmetric_delta_percent
clifft-history-v1-20260825-r1,clifft-history-v1,aws-m7a-xlarge-ubuntu2404-v1,1,1,release-history-vs-0.1.0,coherent-surface-d3-r1-p1e-3-rz2e-2,clifft-0.1.0,423b40f8-a709-42bb-b683-16b30b2be61e,coherent-surface-d3-r1-p1e-3-rz2e-2--clifft-0.1.0,clifft-0.1.0,throughput,false,1,100000,clifft-0.2.0,7cdb4f0a-e0e8-4325-8d89-28d1691ed644,coherent-surface-d3-r1-p1e-3-rz2e-2--clifft-0.2.0,clifft-0.2.0,throughput,false,1,100000,result-sample-median,1205833.2739910637,1241465.9828214748,1.0295502783004769,2.912002586624454
clifft-history-v1-20260825-r1,clifft-history-v1,aws-m7a-xlarge-ubuntu2404-v1,1,1,release-history-vs-0.1.0,coherent-surface-d3-r3-p1e-3-rz2e-2,clifft-0.1.0,423b40f8-a709-42bb-b683-16b30b2be61e,coherent-surface-d3-r3-p1e-3-rz2e-2--clifft-0.1.0,clifft-0.1.0,throughput,false,1,100000,clifft-0.2.0,7cdb4f0a-e0e8-4325-8d89-28d1691ed644,coherent-surface-d3-r3-p1e-3-rz2e-2--clifft-0.2.0,clifft-0.2.0,throughput,false,1,100000,result-sample-median,162199.10296402505,161617.94056202128,0.9964169814050533,0.3589449126429472
clifft-history-v1-20260825-r1,clifft-history-v1,aws-m7a-xlarge-ubuntu2404-v1,1,1,release-history-vs-0.1.0,coherent-surface-d5-r1-p1e-3-rz2e-2,clifft-0.1.0,423b40f8-a709-42bb-b683-16b30b2be61e,coherent-surface-d5-r1-p1e-3-rz2e-2--clifft-0.1.0,clifft-0.1.0,throughput,false,1,10000,clifft-0.2.0,7cdb4f0a-e0e8-4325-8d89-28d1691ed644,coherent-surface-d5-r1-p1e-3-rz2e-2--clifft-0.2.0,clifft-0.2.0,throughput,false,1,10000,result-sample-median,9261.89247703644,9277.784996879089,1.0017159041612773,0.17144332596950088
clifft-history-v1-20260825-r1,clifft-history-v1,aws-m7a-xlarge-ubuntu2404-v1,1,1,release-history-vs-0.1.0,coherent-surface-d5-r5-p1e-3-rz2e-2,clifft-0.1.0,423b40f8-a709-42bb-b683-16b30b2be61e,coherent-surface-d5-r5-p1e-3-rz2e-2--clifft-0.1.0,clifft-0.1.0,throughput,false,1,1,clifft-0.2.0,7cdb4f0a-e0e8-4325-8d89-28d1691ed644,coherent-surface-d5-r5-p1e-3-rz2e-2--clifft-0.2.0,clifft-0.2.0,throughput,false,1,1,result-sample-median,0.38880043349842514,0.391285788583127,1.006392367061782,0.637200097719981
clifft-history-v1-20260825-r1,clifft-history-v1,aws-m7a-xlarge-ubuntu2404-v1,1,1,release-history-vs-0.1.0,distillation-color-code-85q-p5e-2,clifft-0.1.0,423b40f8-a709-42bb-b683-16b30b2be61e,distillation-color-code-85q-p5e-2--clifft-0.1.0,clifft-0.1.0,throughput,false,1,100000,clifft-0.2.0,7cdb4f0a-e0e8-4325-8d89-28d1691ed644,distillation-color-code-85q-p5e-2--clifft-0.2.0,clifft-0.2.0,throughput,false,1,100000,result-sample-median,100778.58089553252,103169.42552840343,1.0237237378381947,2.3445628861908934
clifft-history-v1-20260825-r1,clifft-history-v1,aws-m7a-xlarge-ubuntu2404-v1,1,1,release-history-vs-0.1.0,msc-d3-inject-cultivate-p1e-3,clifft-0.1.0,423b40f8-a709-42bb-b683-16b30b2be61e,msc-d3-inject-cultivate-p1e-3--clifft-0.1.0,clifft-0.1.0,throughput,false,1,100000,clifft-0.2.0,7cdb4f0a-e0e8-4325-8d89-28d1691ed644,msc-d3-inject-cultivate-p1e-3--clifft-0.2.0,clifft-0.2.0,throughput,false,1,100000,result-sample-median,883161.3211191765,883762.4715533564,1.0006806802107435,0.06804486267861834
clifft-history-v1-20260825-r1,clifft-history-v1,aws-m7a-xlarge-ubuntu2404-v1,1,1,release-history-vs-0.1.0,msc-d5-inject-cultivate-p1e-3,clifft-0.1.0,423b40f8-a709-42bb-b683-16b30b2be61e,msc-d5-inject-cultivate-p1e-3--clifft-0.1.0,clifft-0.1.0,throughput,false,1,20000,clifft-0.2.0,7cdb4f0a-e0e8-4325-8d89-28d1691ed644,msc-d5-inject-cultivate-p1e-3--clifft-0.2.0,clifft-0.2.0,throughput,false,1,20000,result-sample-median,80974.11081114352,80841.95361452988,0.9983679080228263,0.16334249270330425
clifft-history-v1-20260825-r1,clifft-history-v1,aws-m7a-xlarge-ubuntu2404-v1,1,1,release-history-vs-0.1.0,surface-code-d7-r7-p1e-3,clifft-0.1.0,423b40f8-a709-42bb-b683-16b30b2be61e,surface-code-d7-r7-p1e-3--clifft-0.1.0,clifft-0.1.0,throughput,false,1,100000,clifft-0.2.0,7cdb4f0a-e0e8-4325-8d89-28d1691ed644,surface-code-d7-r7-p1e-3--clifft-0.2.0,clifft-0.2.0,throughput,false,1,100000,result-sample-median,394307.63348598353,396450.6317678779,1.0054348384355347,0.5420109725205059
clifft-history-v1-20260825-r1,clifft-history-v1,aws-m7a-xlarge-ubuntu2404-v1,1,1,release-history-vs-0.1.0,coherent-surface-d3-r1-p1e-3-rz2e-2,clifft-0.1.0,423b40f8-a709-42bb-b683-16b30b2be61e,coherent-surface-d3-r1-p1e-3-rz2e-2--clifft-0.1.0,clifft-0.1.0,throughput,false,1,100000,clifft-0.3.0,d824ce96-d2c0-42ae-b942-4ca8e2d665ee,coherent-surface-d3-r1-p1e-3-rz2e-2--clifft-0.3.0,clifft-0.3.0,throughput,false,1,100000,result-sample-median,1205833.2739910637,1106913.7255101823,0.9179658161584165,8.554290504081408
clifft-history-v1-20260825-r1,clifft-history-v1,aws-m7a-xlarge-ubuntu2404-v1,1,1,release-history-vs-0.1.0,coherent-surface-d3-r3-p1e-3-rz2e-2,clifft-0.1.0,423b40f8-a709-42bb-b683-16b30b2be61e,coherent-surface-d3-r3-p1e-3-rz2e-2--clifft-0.1.0,clifft-0.1.0,throughput,false,1,100000,clifft-0.3.0,d824ce96-d2c0-42ae-b942-4ca8e2d665ee,coherent-surface-d3-r3-p1e-3-rz2e-2--clifft-0.3.0,clifft-0.3.0,throughput,false,1,100000,result-sample-median,162199.10296402505,160002.29153398838,0.9864560815078989,1.3636262707424236
clifft-history-v1-20260825-r1,clifft-history-v1,aws-m7a-xlarge-ubuntu2404-v1,1,1,release-history-vs-0.1.0,coherent-surface-d5-r1-p1e-3-rz2e-2,clifft-0.1.0,423b40f8-a709-42bb-b683-16b30b2be61e,coherent-surface-d5-r1-p1e-3-rz2e-2--clifft-0.1.0,clifft-0.1.0,throughput,false,1,10000,clifft-0.3.0,d824ce96-d2c0-42ae-b942-4ca8e2d665ee,coherent-surface-d5-r1-p1e-3-rz2e-2--clifft-0.3.0,clifft-0.3.0,throughput,false,1,10000,result-sample-median,9261.89247703644,9232.823179102192,0.9968614083993826,0.3143524720759797
clifft-history-v1-20260825-r1,clifft-history-v1,aws-m7a-xlarge-ubuntu2404-v1,1,1,release-history-vs-0.1.0,coherent-surface-d5-r5-p1e-3-rz2e-2,clifft-0.1.0,423b40f8-a709-42bb-b683-16b30b2be61e,coherent-surface-d5-r5-p1e-3-rz2e-2--clifft-0.1.0,clifft-0.1.0,throughput,false,1,1,clifft-0.3.0,d824ce96-d2c0-42ae-b942-4ca8e2d665ee,coherent-surface-d5-r5-p1e-3-rz2e-2--clifft-0.3.0,clifft-0.3.0,throughput,false,1,1,result-sample-median,0.38880043349842514,0.38578860813214666,0.9922535442175872,0.7776576234381892
clifft-history-v1-20260825-r1,clifft-history-v1,aws-m7a-xlarge-ubuntu2404-v1,1,1,release-history-vs-0.1.0,distillation-color-code-85q-p5e-2,clifft-0.1.0,423b40f8-a709-42bb-b683-16b30b2be61e,distillation-color-code-85q-p5e-2--clifft-0.1.0,clifft-0.1.0,throughput,false,1,100000,clifft-0.3.0,d824ce96-d2c0-42ae-b942-4ca8e2d665ee,distillation-color-code-85q-p5e-2--clifft-0.3.0,clifft-0.3.0,throughput,false,1,100000,result-sample-median,100778.58089553252,102233.7831802681,1.0144395988890145,1.433609515716236
clifft-history-v1-20260825-r1,clifft-history-v1,aws-m7a-xlarge-ubuntu2404-v1,1,1,release-history-vs-0.1.0,msc-d3-inject-cultivate-p1e-3,clifft-0.1.0,423b40f8-a709-42bb-b683-16b30b2be61e,msc-d3-inject-cultivate-p1e-3--clifft-0.1.0,clifft-0.1.0,throughput,false,1,100000,clifft-0.3.0,d824ce96-d2c0-42ae-b942-4ca8e2d665ee,msc-d3-inject-cultivate-p1e-3--clifft-0.3.0,clifft-0.3.0,throughput,false,1,100000,result-sample-median,883161.3211191765,866185.2070511484,0.9807780145460682,1.940852060430096
clifft-history-v1-20260825-r1,clifft-history-v1,aws-m7a-xlarge-ubuntu2404-v1,1,1,release-history-vs-0.1.0,msc-d5-inject-cultivate-p1e-3,clifft-0.1.0,423b40f8-a709-42bb-b683-16b30b2be61e,msc-d5-inject-cultivate-p1e-3--clifft-0.1.0,clifft-0.1.0,throughput,false,1,20000,clifft-0.3.0,d824ce96-d2c0-42ae-b942-4ca8e2d665ee,msc-d5-inject-cultivate-p1e-3--clifft-0.3.0,clifft-0.3.0,throughput,false,1,20000,result-sample-median,80974.11081114352,79524.57463301076,0.9820987700437549,1.8062904055835647
clifft-history-v1-20260825-r1,clifft-history-v1,aws-m7a-xlarge-ubuntu2404-v1,1,1,release-history-vs-0.1.0,surface-code-d7-r7-p1e-3,clifft-0.1.0,423b40f8-a709-42bb-b683-16b30b2be61e,surface-code-d7-r7-p1e-3--clifft-0.1.0,clifft-0.1.0,throughput,false,1,100000,clifft-0.3.0,d824ce96-d2c0-42ae-b942-4ca8e2d665ee,surface-code-d7-r7-p1e-3--clifft-0.3.0,clifft-0.3.0,throughput,false,1,100000,result-sample-median,394307.63348598353,385337.681668819,0.9772513868477177,2.3010339811721994
clifft-history-v1-20260825-r1,clifft-history-v1,aws-m7a-xlarge-ubuntu2404-v1,1,1,release-history-vs-0.1.0,coherent-surface-d3-r1-p1e-3-rz2e-2,clifft-0.1.0,423b40f8-a709-42bb-b683-16b30b2be61e,coherent-surface-d3-r1-p1e-3-rz2e-2--clifft-0.1.0,clifft-0.1.0,throughput,false,1,100000,clifft-0.4.1,e16f5ce4-66de-4c13-8207-f12bacfbef9b,coherent-surface-d3-r1-p1e-3-rz2e-2--clifft-0.4.1,clifft-0.4.1,throughput,false,1,100000,result-sample-median,1205833.2739910637,1088143.5053077617,0.9023996341602246,10.260763730945431
clifft-history-v1-20260825-r1,clifft-history-v1,aws-m7a-xlarge-ubuntu2404-v1,1,1,release-history-vs-0.1.0,coherent-surface-d3-r3-p1e-3-rz2e-2,clifft-0.1.0,423b40f8-a709-42bb-b683-16b30b2be61e,coherent-surface-d3-r3-p1e-3-rz2e-2--clifft-0.1.0,clifft-0.1.0,throughput,false,1,100000,clifft-0.4.1,e16f5ce4-66de-4c13-8207-f12bacfbef9b,coherent-surface-d3-r3-p1e-3-rz2e-2--clifft-0.4.1,clifft-0.4.1,throughput,false,1,100000,result-sample-median,162199.10296402505,150311.5394215106,0.926710053722362,7.607781579386408
clifft-history-v1-20260825-r1,clifft-history-v1,aws-m7a-xlarge-ubuntu2404-v1,1,1,release-history-vs-0.1.0,coherent-surface-d5-r1-p1e-3-rz2e-2,clifft-0.1.0,423b40f8-a709-42bb-b683-16b30b2be61e,coherent-surface-d5-r1-p1e-3-rz2e-2--clifft-0.1.0,clifft-0.1.0,throughput,false,1,10000,clifft-0.4.1,e16f5ce4-66de-4c13-8207-f12bacfbef9b,coherent-surface-d5-r1-p1e-3-rz2e-2--clifft-0.4.1,clifft-0.4.1,throughput,false,1,10000,result-sample-median,9261.89247703644,9131.830806359701,0.9859573331261179,1.4141962306690061
clifft-history-v1-20260825-r1,clifft-history-v1,aws-m7a-xlarge-ubuntu2404-v1,1,1,release-history-vs-0.1.0,coherent-surface-d5-r5-p1e-3-rz2e-2,clifft-0.1.0,423b40f8-a709-42bb-b683-16b30b2be61e,coherent-surface-d5-r5-p1e-3-rz2e-2--clifft-0.1.0,clifft-0.1.0,throughput,false,1,1,clifft-0.4.1,e16f5ce4-66de-4c13-8207-f12bacfbef9b,coherent-surface-d5-r5-p1e-3-rz2e-2--clifft-0.4.1,clifft-0.4.1,throughput,false,1,1,result-sample-median,0.38880043349842514,0.39300729338494206,1.0108201008128093,1.076187850761551
clifft-history-v1-20260825-r1,clifft-history-v1,aws-m7a-xlarge-ubuntu2404-v1,1,1,release-history-vs-0.1.0,distillation-color-code-85q-p5e-2,clifft-0.1.0,423b40f8-a709-42bb-b683-16b30b2be61e,distillation-color-code-85q-p5e-2--clifft-0.1.0,clifft-0.1.0,throughput,false,1,100000,clifft-0.4.1,e16f5ce4-66de-4c13-8207-f12bacfbef9b,distillation-color-code-85q-p5e-2--clifft-0.4.1,clifft-0.4.1,throughput,false,1,100000,result-sample-median,100778.58089553252,91581.74724502454,0.908742179451391,9.562089792015621
clifft-history-v1-20260825-r1,clifft-history-v1,aws-m7a-xlarge-ubuntu2404-v1,1,1,release-history-vs-0.1.0,msc-d3-inject-cultivate-p1e-3,clifft-0.1.0,423b40f8-a709-42bb-b683-16b30b2be61e,msc-d3-inject-cultivate-p1e-3--clifft-0.1.0,clifft-0.1.0,throughput,false,1,100000,clifft-0.4.1,e16f5ce4-66de-4c13-8207-f12bacfbef9b,msc-d3-inject-cultivate-p1e-3--clifft-0.4.1,clifft-0.4.1,throughput,false,1,100000,result-sample-median,883161.3211191765,758614.5801987561,0.858976227850887,15.172197474751664
clifft-history-v1-20260825-r1,clifft-history-v1,aws-m7a-xlarge-ubuntu2404-v1,1,1,release-history-vs-0.1.0,msc-d5-inject-cultivate-p1e-3,clifft-0.1.0,423b40f8-a709-42bb-b683-16b30b2be61e,msc-d5-inject-cultivate-p1e-3--clifft-0.1.0,clifft-0.1.0,throughput,false,1,20000,clifft-0.4.1,e16f5ce4-66de-4c13-8207-f12bacfbef9b,msc-d5-inject-cultivate-p1e-3--clifft-0.4.1,clifft-0.4.1,throughput,false,1,20000,result-sample-median,80974.11081114352,72892.33035653844,0.9001930323945851,10.50492933127327
clifft-history-v1-20260825-r1,clifft-history-v1,aws-m7a-xlarge-ubuntu2404-v1,1,1,release-history-vs-0.1.0,surface-code-d7-r7-p1e-3,clifft-0.1.0,423b40f8-a709-42bb-b683-16b30b2be61e,surface-code-d7-r7-p1e-3--clifft-0.1.0,clifft-0.1.0,throughput,false,1,100000,clifft-0.4.1,e16f5ce4-66de-4c13-8207-f12bacfbef9b,surface-code-d7-r7-p1e-3--clifft-0.4.1,clifft-0.4.1,throughput,false,1,100000,result-sample-median,394307.63348598353,292509.3440508366,0.7418302848079009,29.6434982723442
clifft-history-v1-20260825-r1,clifft-history-v1,aws-m7a-xlarge-ubuntu2404-v1,1,1,release-history-vs-0.1.0,coherent-surface-d3-r1-p1e-3-rz2e-2,clifft-0.1.0,423b40f8-a709-42bb-b683-16b30b2be61e,coherent-surface-d3-r1-p1e-3-rz2e-2--clifft-0.1.0,clifft-0.1.0,throughput,false,1,100000,clifft-0.5.0,8002e2ba-abe7-44c1-8ca8-012b5f4c8457,coherent-surface-d3-r1-p1e-3-rz2e-2--clifft-0.5.0,clifft-0.5.0,throughput,false,1,100000,result-sample-median,1205833.2739910637,1162023.9067159437,0.9636688021303974,3.700338654887889
clifft-history-v1-20260825-r1,clifft-history-v1,aws-m7a-xlarge-ubuntu2404-v1,1,1,release-history-vs-0.1.0,coherent-surface-d3-r3-p1e-3-rz2e-2,clifft-0.1.0,423b40f8-a709-42bb-b683-16b30b2be61e,coherent-surface-d3-r3-p1e-3-rz2e-2--clifft-0.1.0,clifft-0.1.0,throughput,false,1,100000,clifft-0.5.0,8002e2ba-abe7-44c1-8ca8-012b5f4c8457,coherent-surface-d3-r3-p1e-3-rz2e-2--clifft-0.5.0,clifft-0.5.0,throughput,false,1,100000,result-sample-median,162199.10296402505,159037.92353965013,0.9805104999558718,1.968128928835513
clifft-history-v1-20260825-r1,clifft-history-v1,aws-m7a-xlarge-ubuntu2404-v1,1,1,release-history-vs-0.1.0,coherent-surface-d5-r1-p1e-3-rz2e-2,clifft-0.1.0,423b40f8-a709-42bb-b683-16b30b2be61e,coherent-surface-d5-r1-p1e-3-rz2e-2--clifft-0.1.0,clifft-0.1.0,throughput,false,1,10000,clifft-0.5.0,8002e2ba-abe7-44c1-8ca8-012b5f4c8457,coherent-surface-d5-r1-p1e-3-rz2e-2--clifft-0.5.0,clifft-0.5.0,throughput,false,1,10000,result-sample-median,9261.89247703644,9236.454899396484,0.9972535226787588,0.27502540764655936
clifft-history-v1-20260825-r1,clifft-history-v1,aws-m7a-xlarge-ubuntu2404-v1,1,1,release-history-vs-0.1.0,coherent-surface-d5-r5-p1e-3-rz2e-2,clifft-0.1.0,423b40f8-a709-42bb-b683-16b30b2be61e,coherent-surface-d5-r5-p1e-3-rz2e-2--clifft-0.1.0,clifft-0.1.0,throughput,false,1,1,clifft-0.5.0,8002e2ba-abe7-44c1-8ca8-012b5f4c8457,coherent-surface-d5-r5-p1e-3-rz2e-2--clifft-0.5.0,clifft-0.5.0,throughput,false,1,1,result-sample-median,0.38880043349842514,0.39556657385853516,1.017402604979702,1.725248588134662
clifft-history-v1-20260825-r1,clifft-history-v1,aws-m7a-xlarge-ubuntu2404-v1,1,1,release-history-vs-0.1.0,distillation-color-code-85q-p5e-2,clifft-0.1.0,423b40f8-a709-42bb-b683-16b30b2be61e,distillation-color-code-85q-p5e-2--clifft-0.1.0,clifft-0.1.0,throughput,false,1,100000,clifft-0.5.0,8002e2ba-abe7-44c1-8ca8-012b5f4c8457,distillation-color-code-85q-p5e-2--clifft-0.5.0,clifft-0.5.0,throughput,false,1,100000,result-sample-median,100778.58089553252,102513.90215141595,1.0172191475655157,1.7072163514109657
clifft-history-v1-20260825-r1,clifft-history-v1,aws-m7a-xlarge-ubuntu2404-v1,1,1,release-history-vs-0.1.0,msc-d3-inject-cultivate-p1e-3,clifft-0.1.0,423b40f8-a709-42bb-b683-16b30b2be61e,msc-d3-inject-cultivate-p1e-3--clifft-0.1.0,clifft-0.1.0,throughput,false,1,100000,clifft-0.5.0,8002e2ba-abe7-44c1-8ca8-012b5f4c8457,msc-d3-inject-cultivate-p1e-3--clifft-0.5.0,clifft-0.5.0,throughput,false,1,100000,result-sample-median,883161.3211191765,812389.0679445424,0.9198648633242353,8.347997633230404
clifft-history-v1-20260825-r1,clifft-history-v1,aws-m7a-xlarge-ubuntu2404-v1,1,1,release-history-vs-0.1.0,msc-d5-inject-cultivate-p1e-3,clifft-0.1.0,423b40f8-a709-42bb-b683-16b30b2be61e,msc-d5-inject-cultivate-p1e-3--clifft-0.1.0,clifft-0.1.0,throughput,false,1,20000,clifft-0.5.0,8002e2ba-abe7-44c1-8ca8-012b5f4c8457,msc-d5-inject-cultivate-p1e-3--clifft-0.5.0,clifft-0.5.0,throughput,false,1,20000,result-sample-median,80974.11081114352,78312.54819026799,0.9671306965372783,3.3418525287192344
clifft-history-v1-20260825-r1,clifft-history-v1,aws-m7a-xlarge-ubuntu2404-v1,1,1,release-history-vs-0.1.0,surface-code-d7-r7-p1e-3,clifft-0.1.0,423b40f8-a709-42bb-b683-16b30b2be61e,surface-code-d7-r7-p1e-3--clifft-0.1.0,clifft-0.1.0,throughput,false,1,100000,clifft-0.5.0,8002e2ba-abe7-44c1-8ca8-012b5f4c8457,surface-code-d7-r7-p1e-3--clifft-0.5.0,clifft-0.5.0,throughput,false,1,100000,result-sample-median,394307.63348598353,321700.80932842003,0.8158624941757704,20.2809966519861
clifft-history-v1-20260825-r1,clifft-history-v1,aws-m7a-xlarge-ubuntu2404-v1,1,1,release-history-vs-0.1.0,coherent-surface-d3-r1-p1e-3-rz2e-2,clifft-0.1.0,423b40f8-a709-42bb-b683-16b30b2be61e,coherent-surface-d3-r1-p1e-3-rz2e-2--clifft-0.1.0,clifft-0.1.0,throughput,false,1,100000,clifft-0.6.0,a2c9ee06-210f-48a5-9a5d-0ebcef1419e3,coherent-surface-d3-r1-p1e-3-rz2e-2--clifft-0.6.0,clifft-0.6.0,throughput,false,1,100000,result-sample-median,1205833.2739910637,1121677.833688019,0.9302097212622876,7.231367448721793
clifft-history-v1-20260825-r1,clifft-history-v1,aws-m7a-xlarge-ubuntu2404-v1,1,1,release-history-vs-0.1.0,coherent-surface-d3-r3-p1e-3-rz2e-2,clifft-0.1.0,423b40f8-a709-42bb-b683-16b30b2be61e,coherent-surface-d3-r3-p1e-3-rz2e-2--clifft-0.1.0,clifft-0.1.0,throughput,false,1,100000,clifft-0.6.0,a2c9ee06-210f-48a5-9a5d-0ebcef1419e3,coherent-surface-d3-r3-p1e-3-rz2e-2--clifft-0.6.0,clifft-0.6.0,throughput,false,1,100000,result-sample-median,162199.10296402505,159634.8515916658,0.9841907179170529,1.5935244470393708
clifft-history-v1-20260825-r1,clifft-history-v1,aws-m7a-xlarge-ubuntu2404-v1,1,1,release-history-vs-0.1.0,coherent-surface-d5-r1-p1e-3-rz2e-2,clifft-0.1.0,423b40f8-a709-42bb-b683-16b30b2be61e,coherent-surface-d5-r1-p1e-3-rz2e-2--clifft-0.1.0,clifft-0.1.0,throughput,false,1,10000,clifft-0.6.0,a2c9ee06-210f-48a5-9a5d-0ebcef1419e3,coherent-surface-d5-r1-p1e-3-rz2e-2--clifft-0.6.0,clifft-0.6.0,throughput,false,1,10000,result-sample-median,9261.89247703644,9247.404758508146,0.9984357712460803,0.1565453117309214
clifft-history-v1-20260825-r1,clifft-history-v1,aws-m7a-xlarge-ubuntu2404-v1,1,1,release-history-vs-0.1.0,coherent-surface-d5-r5-p1e-3-rz2e-2,clifft-0.1.0,423b40f8-a709-42bb-b683-16b30b2be61e,coherent-surface-d5-r5-p1e-3-rz2e-2--clifft-0.1.0,clifft-0.1.0,throughput,false,1,1,clifft-0.6.0,a2c9ee06-210f-48a5-9a5d-0ebcef1419e3,coherent-surface-d5-r5-p1e-3-rz2e-2--clifft-0.6.0,clifft-0.6.0,throughput,false,1,1,result-sample-median,0.38880043349842514,0.3961156742027323,1.018814898529008,1.8639547927566071
clifft-history-v1-20260825-r1,clifft-history-v1,aws-m7a-xlarge-ubuntu2404-v1,1,1,release-history-vs-0.1.0,distillation-color-code-85q-p5e-2,clifft-0.1.0,423b40f8-a709-42bb-b683-16b30b2be61e,distillation-color-code-85q-p5e-2--clifft-0.1.0,clifft-0.1.0,throughput,false,1,100000,clifft-0.6.0,a2c9ee06-210f-48a5-9a5d-0ebcef1419e3,distillation-color-code-85q-p5e-2--clifft-0.6.0,clifft-0.6.0,throughput,false,1,100000,result-sample-median,100778.58089553252,103294.79718842344,1.0249677686521428,2.4659917099581214
clifft-history-v1-20260825-r1,clifft-history-v1,aws-m7a-xlarge-ubuntu2404-v1,1,1,release-history-vs-0.1.0,msc-d3-inject-cultivate-p1e-3,clifft-0.1.0,423b40f8-a709-42bb-b683-16b30b2be61e,msc-d3-inject-cultivate-p1e-3--clifft-0.1.0,clifft-0.1.0,throughput,false,1,100000,clifft-0.6.0,a2c9ee06-210f-48a5-9a5d-0ebcef1419e3,msc-d3-inject-cultivate-p1e-3--clifft-0.6.0,clifft-0.6.0,throughput,false,1,100000,result-sample-median,883161.3211191765,819684.3570953335,0.9281252897903155,7.455398317761905
clifft-history-v1-20260825-r1,clifft-history-v1,aws-m7a-xlarge-ubuntu2404-v1,1,1,release-history-vs-0.1.0,msc-d5-inject-cultivate-p1e-3,clifft-0.1.0,423b40f8-a709-42bb-b683-16b30b2be61e,msc-d5-inject-cultivate-p1e-3--clifft-0.1.0,clifft-0.1.0,throughput,false,1,20000,clifft-0.6.0,a2c9ee06-210f-48a5-9a5d-0ebcef1419e3,msc-d5-inject-cultivate-p1e-3--clifft-0.6.0,clifft-0.6.0,throughput,false,1,20000,result-sample-median,80974.11081114352,78461.88368326583,0.9689749340534659,3.151392677474447
clifft-history-v1-20260825-r1,clifft-history-v1,aws-m7a-xlarge-ubuntu2404-v1,1,1,release-history-vs-0.1.0,surface-code-d7-r7-p1e-3,clifft-0.1.0,423b40f8-a709-42bb-b683-16b30b2be61e,surface-code-d7-r7-p1e-3--clifft-0.1.0,clifft-0.1.0,throughput,false,1,100000,clifft-0.6.0,a2c9ee06-210f-48a5-9a5d-0ebcef1419e3,surface-code-d7-r7-p1e-3--clifft-0.6.0,clifft-0.6.0,throughput,false,1,100000,result-sample-median,394307.63348598353,336812.1084222702,0.8541861222533063,15.728073465407332
clifft-history-v1-20260825-r1,clifft-history-v1,aws-m7a-xlarge-ubuntu2404-v1,1,1,release-history-vs-0.1.0,coherent-surface-d3-r1-p1e-3-rz2e-2,clifft-0.1.0,423b40f8-a709-42bb-b683-16b30b2be61e,coherent-surface-d3-r1-p1e-3-rz2e-2--clifft-0.1.0,clifft-0.1.0,throughput,false,1,100000,clifft-0.7.0,5a86bac6-4649-4c12-9bc5-a9078c6db303,coherent-surface-d3-r1-p1e-3-rz2e-2--clifft-0.7.0,clifft-0.7.0,throughput,false,1,100000,result-sample-median,1205833.2739910637,1117068.8099904964,0.926387448484669,7.642548914366721
clifft-history-v1-20260825-r1,clifft-history-v1,aws-m7a-xlarge-ubuntu2404-v1,1,1,release-history-vs-0.1.0,coherent-surface-d3-r3-p1e-3-rz2e-2,clifft-0.1.0,423b40f8-a709-42bb-b683-16b30b2be61e,coherent-surface-d3-r3-p1e-3-rz2e-2--clifft-0.1.0,clifft-0.1.0,throughput,false,1,100000,clifft-0.7.0,5a86bac6-4649-4c12-9bc5-a9078c6db303,coherent-surface-d3-r3-p1e-3-rz2e-2--clifft-0.7.0,clifft-0.7.0,throughput,false,1,100000,result-sample-median,162199.10296402505,157490.33174875582,0.970969190770965,2.945840996903595
clifft-history-v1-20260825-r1,clifft-history-v1,aws-m7a-xlarge-ubuntu2404-v1,1,1,release-history-vs-0.1.0,coherent-surface-d5-r1-p1e-3-rz2e-2,clifft-0.1.0,423b40f8-a709-42bb-b683-16b30b2be61e,coherent-surface-d5-r1-p1e-3-rz2e-2--clifft-0.1.0,clifft-0.1.0,throughput,false,1,10000,clifft-0.7.0,5a86bac6-4649-4c12-9bc5-a9078c6db303,coherent-surface-d5-r1-p1e-3-rz2e-2--clifft-0.7.0,clifft-0.7.0,throughput,false,1,10000,result-sample-median,9261.89247703644,9337.30002554817,1.008141699841441,0.8108690579040049
clifft-history-v1-20260825-r1,clifft-history-v1,aws-m7a-xlarge-ubuntu2404-v1,1,1,release-history-vs-0.1.0,coherent-surface-d5-r5-p1e-3-rz2e-2,clifft-0.1.0,423b40f8-a709-42bb-b683-16b30b2be61e,coherent-surface-d5-r5-p1e-3-rz2e-2--clifft-0.1.0,clifft-0.1.0,throughput,false,1,1,clifft-0.7.0,5a86bac6-4649-4c12-9bc5-a9078c6db303,coherent-surface-d5-r5-p1e-3-rz2e-2--clifft-0.7.0,clifft-0.7.0,throughput,false,1,1,result-sample-median,0.38880043349842514,0.39173304016324845,1.0075427042054346,0.7514364889607453
clifft-history-v1-20260825-r1,clifft-history-v1,aws-m7a-xlarge-ubuntu2404-v1,1,1,release-history-vs-0.1.0,distillation-color-code-85q-p5e-2,clifft-0.1.0,423b40f8-a709-42bb-b683-16b30b2be61e,distillation-color-code-85q-p5e-2--clifft-0.1.0,clifft-0.1.0,throughput,false,1,100000,clifft-0.7.0,5a86bac6-4649-4c12-9bc5-a9078c6db303,distillation-color-code-85q-p5e-2--clifft-0.7.0,clifft-0.7.0,throughput,false,1,100000,result-sample-median,100778.58089553252,92919.26169993695,0.9220139922019485,8.115030183386665
clifft-history-v1-20260825-r1,clifft-history-v1,aws-m7a-xlarge-ubuntu2404-v1,1,1,release-history-vs-0.1.0,msc-d3-inject-cultivate-p1e-3,clifft-0.1.0,423b40f8-a709-42bb-b683-16b30b2be61e,msc-d3-inject-cultivate-p1e-3--clifft-0.1.0,clifft-0.1.0,throughput,false,1,100000,clifft-0.7.0,5a86bac6-4649-4c12-9bc5-a9078c6db303,msc-d3-inject-cultivate-p1e-3--clifft-0.7.0,clifft-0.7.0,throughput,false,1,100000,result-sample-median,883161.3211191765,790634.2679039047,0.8952319910273947,11.055956154033797
clifft-history-v1-20260825-r1,clifft-history-v1,aws-m7a-xlarge-ubuntu2404-v1,1,1,release-history-vs-0.1.0,msc-d5-inject-cultivate-p1e-3,clifft-0.1.0,423b40f8-a709-42bb-b683-16b30b2be61e,msc-d5-inject-cultivate-p1e-3--clifft-0.1.0,clifft-0.1.0,throughput,false,1,20000,clifft-0.7.0,5a86bac6-4649-4c12-9bc5-a9078c6db303,msc-d5-inject-cultivate-p1e-3--clifft-0.7.0,clifft-0.7.0,throughput,false,1,20000,result-sample-median,80974.11081114352,77884.96820898926,0.9618502435999688,3.889160910674497
clifft-history-v1-20260825-r1,clifft-history-v1,aws-m7a-xlarge-ubuntu2404-v1,1,1,release-history-vs-0.1.0,surface-code-d7-r7-p1e-3,clifft-0.1.0,423b40f8-a709-42bb-b683-16b30b2be61e,surface-code-d7-r7-p1e-3--clifft-0.1.0,clifft-0.1.0,throughput,false,1,100000,clifft-0.7.0,5a86bac6-4649-4c12-9bc5-a9078c6db303,surface-code-d7-r7-p1e-3--clifft-0.7.0,clifft-0.7.0,throughput,false,1,100000,result-sample-median,394307.63348598353,333010.9909697987,0.8445461428827151,16.855512963675356
clifft-history-v1-20260825-r1,clifft-history-v1,aws-m7a-xlarge-ubuntu2404-v1,1,1,release-history-vs-0.1.0,coherent-surface-d3-r1-p1e-3-rz2e-2,clifft-0.1.0,423b40f8-a709-42bb-b683-16b30b2be61e,coherent-surface-d3-r1-p1e-3-rz2e-2--clifft-0.1.0,clifft-0.1.0,throughput,false,1,100000,clifft-0.8.0,b03273c7-e79e-4aad-bc7f-9699190c8f6f,coherent-surface-d3-r1-p1e-3-rz2e-2--clifft-0.8.0,clifft-0.8.0,throughput,false,1,100000,result-sample-median,1205833.2739910637,1370951.074721134,1.1369325298045259,12.815802829025365
clifft-history-v1-20260825-r1,clifft-history-v1,aws-m7a-xlarge-ubuntu2404-v1,1,1,release-history-vs-0.1.0,coherent-surface-d3-r3-p1e-3-rz2e-2,clifft-0.1.0,423b40f8-a709-42bb-b683-16b30b2be61e,coherent-surface-d3-r3-p1e-3-rz2e-2--clifft-0.1.0,clifft-0.1.0,throughput,false,1,100000,clifft-0.8.0,b03273c7-e79e-4aad-bc7f-9699190c8f6f,coherent-surface-d3-r3-p1e-3-rz2e-2--clifft-0.8.0,clifft-0.8.0,throughput,false,1,100000,result-sample-median,162199.10296402505,326974.6238703181,2.015884292176631,67.36891695824607
clifft-history-v1-20260825-r1,clifft-history-v1,aws-m7a-xlarge-ubuntu2404-v1,1,1,release-history-vs-0.1.0,coherent-surface-d5-r1-p1e-3-rz2e-2,clifft-0.1.0,423b40f8-a709-42bb-b683-16b30b2be61e,coherent-surface-d5-r1-p1e-3-rz2e-2--clifft-0.1.0,clifft-0.1.0,throughput,false,1,10000,clifft-0.8.0,b03273c7-e79e-4aad-bc7f-9699190c8f6f,coherent-surface-d5-r1-p1e-3-rz2e-2--clifft-0.8.0,clifft-0.8.0,throughput,false,1,10000,result-sample-median,9261.89247703644,14470.396798618476,1.5623585389806447,43.89382129203212
clifft-history-v1-20260825-r1,clifft-history-v1,aws-m7a-xlarge-ubuntu2404-v1,1,1,release-history-vs-0.1.0,coherent-surface-d5-r5-p1e-3-rz2e-2,clifft-0.1.0,423b40f8-a709-42bb-b683-16b30b2be61e,coherent-surface-d5-r5-p1e-3-rz2e-2--clifft-0.1.0,clifft-0.1.0,throughput,false,1,1,clifft-0.8.0,b03273c7-e79e-4aad-bc7f-9699190c8f6f,coherent-surface-d5-r5-p1e-3-rz2e-2--clifft-0.8.0,clifft-0.8.0,throughput,false,1,1,result-sample-median,0.38880043349842514,5.999986116031073,15.43204584944316,175.6573220605056
clifft-history-v1-20260825-r1,clifft-history-v1,aws-m7a-xlarge-ubuntu2404-v1,1,1,release-history-vs-0.1.0,distillation-color-code-85q-p5e-2,clifft-0.1.0,423b40f8-a709-42bb-b683-16b30b2be61e,distillation-color-code-85q-p5e-2--clifft-0.1.0,clifft-0.1.0,throughput,false,1,100000,clifft-0.8.0,b03273c7-e79e-4aad-bc7f-9699190c8f6f,distillation-color-code-85q-p5e-2--clifft-0.8.0,clifft-0.8.0,throughput,false,1,100000,result-sample-median,100778.58089553252,543351.0241669575,5.391532797333169,137.41720293340313
clifft-history-v1-20260825-r1,clifft-history-v1,aws-m7a-xlarge-ubuntu2404-v1,1,1,release-history-vs-0.1.0,msc-d3-inject-cultivate-p1e-3,clifft-0.1.0,423b40f8-a709-42bb-b683-16b30b2be61e,msc-d3-inject-cultivate-p1e-3--clifft-0.1.0,clifft-0.1.0,throughput,false,1,100000,clifft-0.8.0,b03273c7-e79e-4aad-bc7f-9699190c8f6f,msc-d3-inject-cultivate-p1e-3--clifft-0.8.0,clifft-0.8.0,throughput,false,1,100000,result-sample-median,883161.3211191765,1088205.6396564657,1.2321708544453114,20.802247640045035
clifft-history-v1-20260825-r1,clifft-history-v1,aws-m7a-xlarge-ubuntu2404-v1,1,1,release-history-vs-0.1.0,msc-d5-inject-cultivate-p1e-3,clifft-0.1.0,423b40f8-a709-42bb-b683-16b30b2be61e,msc-d5-inject-cultivate-p1e-3--clifft-0.1.0,clifft-0.1.0,throughput,false,1,20000,clifft-0.8.0,b03273c7-e79e-4aad-bc7f-9699190c8f6f,msc-d5-inject-cultivate-p1e-3--clifft-0.8.0,clifft-0.8.0,throughput,false,1,20000,result-sample-median,80974.11081114352,131728.6364796312,1.6267994197165416,47.723432174671316
clifft-history-v1-20260825-r1,clifft-history-v1,aws-m7a-xlarge-ubuntu2404-v1,1,1,release-history-vs-0.1.0,surface-code-d7-r7-p1e-3,clifft-0.1.0,423b40f8-a709-42bb-b683-16b30b2be61e,surface-code-d7-r7-p1e-3--clifft-0.1.0,clifft-0.1.0,throughput,false,1,100000,clifft-0.8.0,b03273c7-e79e-4aad-bc7f-9699190c8f6f,surface-code-d7-r7-p1e-3--clifft-0.8.0,clifft-0.8.0,throughput,false,1,100000,result-sample-median,394307.63348598353,467323.39897038805,1.1851746182007405,16.94826735203543
clifft-history-v1-20260825-r1,clifft-history-v1,aws-m7a-xlarge-ubuntu2404-v1,1,1,release-history-vs-0.1.0,coherent-surface-d3-r1-p1e-3-rz2e-2,clifft-0.1.0,423b40f8-a709-42bb-b683-16b30b2be61e,coherent-surface-d3-r1-p1e-3-rz2e-2--clifft-0.1.0,clifft-0.1.0,throughput,false,1,100000,clifft-0.9.0,142d3e65-b0a9-42f0-a0fa-89d1697f6781,coherent-surface-d3-r1-p1e-3-rz2e-2--clifft-0.9.0,clifft-0.9.0,throughput,false,1,100000,result-sample-median,1205833.2739910637,1835713.011492817,1.5223605543882357,41.41838909425279
clifft-history-v1-20260825-r1,clifft-history-v1,aws-m7a-xlarge-ubuntu2404-v1,1,1,release-history-vs-0.1.0,coherent-surface-d3-r3-p1e-3-rz2e-2,clifft-0.1.0,423b40f8-a709-42bb-b683-16b30b2be61e,coherent-surface-d3-r3-p1e-3-rz2e-2--clifft-0.1.0,clifft-0.1.0,throughput,false,1,100000,clifft-0.9.0,142d3e65-b0a9-42f0-a0fa-89d1697f6781,coherent-surface-d3-r3-p1e-3-rz2e-2--clifft-0.9.0,clifft-0.9.0,throughput,false,1,100000,result-sample-median,162199.10296402505,461319.2969852649,2.8441544284470135,95.94590762536181
clifft-history-v1-20260825-r1,clifft-history-v1,aws-m7a-xlarge-ubuntu2404-v1,1,1,release-history-vs-0.1.0,coherent-surface-d5-r1-p1e-3-rz2e-2,clifft-0.1.0,423b40f8-a709-42bb-b683-16b30b2be61e,coherent-surface-d5-r1-p1e-3-rz2e-2--clifft-0.1.0,clifft-0.1.0,throughput,false,1,10000,clifft-0.9.0,142d3e65-b0a9-42f0-a0fa-89d1697f6781,coherent-surface-d5-r1-p1e-3-rz2e-2--clifft-0.9.0,clifft-0.9.0,throughput,false,1,10000,result-sample-median,9261.89247703644,14685.433074552546,1.5855758540668674,45.295584977389986
clifft-history-v1-20260825-r1,clifft-history-v1,aws-m7a-xlarge-ubuntu2404-v1,1,1,release-history-vs-0.1.0,coherent-surface-d5-r5-p1e-3-rz2e-2,clifft-0.1.0,423b40f8-a709-42bb-b683-16b30b2be61e,coherent-surface-d5-r5-p1e-3-rz2e-2--clifft-0.1.0,clifft-0.1.0,throughput,false,1,1,clifft-0.9.0,142d3e65-b0a9-42f0-a0fa-89d1697f6781,coherent-surface-d5-r5-p1e-3-rz2e-2--clifft-0.9.0,clifft-0.9.0,throughput,false,1,1,result-sample-median,0.38880043349842514,6.56659873313338,16.88938120270892,177.6403669043941
clifft-history-v1-20260825-r1,clifft-history-v1,aws-m7a-xlarge-ubuntu2404-v1,1,1,release-history-vs-0.1.0,distillation-color-code-85q-p5e-2,clifft-0.1.0,423b40f8-a709-42bb-b683-16b30b2be61e,distillation-color-code-85q-p5e-2--clifft-0.1.0,clifft-0.1.0,throughput,false,1,100000,clifft-0.9.0,142d3e65-b0a9-42f0-a0fa-89d1697f6781,distillation-color-code-85q-p5e-2--clifft-0.9.0,clifft-0.9.0,throughput,false,1,100000,result-sample-median,100778.58089553252,577777.725658278,5.733140122871989,140.59235472595782
clifft-history-v1-20260825-r1,clifft-history-v1,aws-m7a-xlarge-ubuntu2404-v1,1,1,release-history-vs-0.1.0,msc-d3-inject-cultivate-p1e-3,clifft-0.1.0,423b40f8-a709-42bb-b683-16b30b2be61e,msc-d3-inject-cultivate-p1e-3--clifft-0.1.0,clifft-0.1.0,throughput,false,1,100000,clifft-0.9.0,142d3e65-b0a9-42f0-a0fa-89d1697f6781,msc-d3-inject-cultivate-p1e-3--clifft-0.9.0,clifft-0.9.0,throughput,false,1,100000,result-sample-median,883161.3211191765,1198804.5400048203,1.3574015429996962,30.321651740748205
clifft-history-v1-20260825-r1,clifft-history-v1,aws-m7a-xlarge-ubuntu2404-v1,1,1,release-history-vs-0.1.0,msc-d5-inject-cultivate-p1e-3,clifft-0.1.0,423b40f8-a709-42bb-b683-16b30b2be61e,msc-d5-inject-cultivate-p1e-3--clifft-0.1.0,clifft-0.1.0,throughput,false,1,20000,clifft-0.9.0,142d3e65-b0a9-42f0-a0fa-89d1697f6781,msc-d5-inject-cultivate-p1e-3--clifft-0.9.0,clifft-0.9.0,throughput,false,1,20000,result-sample-median,80974.11081114352,184656.10331142318,2.280433850543884,78.06490902607854
clifft-history-v1-20260825-r1,clifft-history-v1,aws-m7a-xlarge-ubuntu2404-v1,1,1,release-history-vs-0.1.0,surface-code-d7-r7-p1e-3,clifft-0.1.0,423b40f8-a709-42bb-b683-16b30b2be61e,surface-code-d7-r7-p1e-3--clifft-0.1.0,clifft-0.1.0,throughput,false,1,100000,clifft-0.9.0,142d3e65-b0a9-42f0-a0fa-89d1697f6781,surface-code-d7-r7-p1e-3--clifft-0.9.0,clifft-0.9.0,throughput,false,1,100000,result-sample-median,394307.63348598353,465086.1261162991,1.179500690880821,16.471725990440294
