source_result,run_id,workflow_run_id,run_attempt,hardware_key,machine,cpu_model,physical_cores,logical_cpus,memory_bytes,image_os,image_version,pair_id,workload_id,case_a,case_b,repetition,sequence_a,sequence_b,rate_a,rate_b,ratio_b_over_a,absolute_delta_percent
larger-runner-aa-31659297813-1-1-raw.json,65f01bfa-d851-4163-9c3d-0371168294a2,31659297813,1,7e265351f5ae,x86_64,AMD EPYC 7763 64-Core Processor,4,8,33652662272,ubuntu22,20260720.234.2,coherent-d5-r5-clifft-aa,coherent-surface-d5-r5-p1e-3-rz2e-2,coherent-d5-r5-aa-a,coherent-d5-r5-aa-b,0,12,13,0.352901038778382,0.3578757976171717,1.0140967531748009,1.3998089369421076
larger-runner-aa-31659297813-1-1-raw.json,65f01bfa-d851-4163-9c3d-0371168294a2,31659297813,1,7e265351f5ae,x86_64,AMD EPYC 7763 64-Core Processor,4,8,33652662272,ubuntu22,20260720.234.2,coherent-d5-r5-clifft-aa,coherent-surface-d5-r5-p1e-3-rz2e-2,coherent-d5-r5-aa-a,coherent-d5-r5-aa-b,1,15,14,0.36132770773993944,0.36060522007035395,0.998000464248633,0.20015368235852082
larger-runner-aa-31659297813-1-1-raw.json,65f01bfa-d851-4163-9c3d-0371168294a2,31659297813,1,7e265351f5ae,x86_64,AMD EPYC 7763 64-Core Processor,4,8,33652662272,ubuntu22,20260720.234.2,coherent-d5-r5-clifft-aa,coherent-surface-d5-r5-p1e-3-rz2e-2,coherent-d5-r5-aa-a,coherent-d5-r5-aa-b,2,16,17,0.28088940135798013,0.27516775452119,0.9796302501656226,2.057934791880785
larger-runner-aa-31659297813-1-1-raw.json,65f01bfa-d851-4163-9c3d-0371168294a2,31659297813,1,7e265351f5ae,x86_64,AMD EPYC 7763 64-Core Processor,4,8,33652662272,ubuntu22,20260720.234.2,coherent-d5-r5-clifft-aa,coherent-surface-d5-r5-p1e-3-rz2e-2,coherent-d5-r5-aa-a,coherent-d5-r5-aa-b,3,19,18,0.3874444753894882,0.38510281990660167,0.9939561520898381,0.6062167318802232
larger-runner-aa-31659297813-1-1-raw.json,65f01bfa-d851-4163-9c3d-0371168294a2,31659297813,1,7e265351f5ae,x86_64,AMD EPYC 7763 64-Core Processor,4,8,33652662272,ubuntu22,20260720.234.2,coherent-d5-r5-clifft-aa,coherent-surface-d5-r5-p1e-3-rz2e-2,coherent-d5-r5-aa-a,coherent-d5-r5-aa-b,4,20,21,0.24009993110400668,0.24256610390239397,1.01027144317388,1.0218961433052092
larger-runner-aa-31659297813-1-1-raw.json,65f01bfa-d851-4163-9c3d-0371168294a2,31659297813,1,7e265351f5ae,x86_64,AMD EPYC 7763 64-Core Processor,4,8,33652662272,ubuntu22,20260720.234.2,coherent-d5-r5-clifft-aa,coherent-surface-d5-r5-p1e-3-rz2e-2,coherent-d5-r5-aa-a,coherent-d5-r5-aa-b,5,23,22,0.3587915016114681,0.3587290594297574,0.9998259652711108,0.017404987425053114
larger-runner-aa-31659297813-1-1-raw.json,65f01bfa-d851-4163-9c3d-0371168294a2,31659297813,1,7e265351f5ae,x86_64,AMD EPYC 7763 64-Core Processor,4,8,33652662272,ubuntu22,20260720.234.2,msc-d3-clifft-aa,msc-d3-inject-cultivate-p1e-3,msc-d3-aa-a,msc-d3-aa-b,0,0,1,503000.22413426585,505146.76748420385,1.0042674799074542,0.42583936028851527
larger-runner-aa-31659297813-1-1-raw.json,65f01bfa-d851-4163-9c3d-0371168294a2,31659297813,1,7e265351f5ae,x86_64,AMD EPYC 7763 64-Core Processor,4,8,33652662272,ubuntu22,20260720.234.2,msc-d3-clifft-aa,msc-d3-inject-cultivate-p1e-3,msc-d3-aa-a,msc-d3-aa-b,1,3,2,504307.60878457123,503767.0915638642,0.9989281993543391,0.10723753319475261
larger-runner-aa-31659297813-1-1-raw.json,65f01bfa-d851-4163-9c3d-0371168294a2,31659297813,1,7e265351f5ae,x86_64,AMD EPYC 7763 64-Core Processor,4,8,33652662272,ubuntu22,20260720.234.2,msc-d3-clifft-aa,msc-d3-inject-cultivate-p1e-3,msc-d3-aa-a,msc-d3-aa-b,2,4,5,504307.07485059,503697.7220736481,0.9987917028982343,0.1209027533998334
larger-runner-aa-31659297813-1-1-raw.json,65f01bfa-d851-4163-9c3d-0371168294a2,31659297813,1,7e265351f5ae,x86_64,AMD EPYC 7763 64-Core Processor,4,8,33652662272,ubuntu22,20260720.234.2,msc-d3-clifft-aa,msc-d3-inject-cultivate-p1e-3,msc-d3-aa-a,msc-d3-aa-b,3,7,6,503546.7819975539,502759.3534919832,0.9984362356513391,0.15649879848692885
larger-runner-aa-31659297813-1-1-raw.json,65f01bfa-d851-4163-9c3d-0371168294a2,31659297813,1,7e265351f5ae,x86_64,AMD EPYC 7763 64-Core Processor,4,8,33652662272,ubuntu22,20260720.234.2,msc-d3-clifft-aa,msc-d3-inject-cultivate-p1e-3,msc-d3-aa-a,msc-d3-aa-b,4,8,9,503765.8613453334,502797.2988033796,0.9980773557394953,0.19244943194835645
larger-runner-aa-31659297813-1-1-raw.json,65f01bfa-d851-4163-9c3d-0371168294a2,31659297813,1,7e265351f5ae,x86_64,AMD EPYC 7763 64-Core Processor,4,8,33652662272,ubuntu22,20260720.234.2,msc-d3-clifft-aa,msc-d3-inject-cultivate-p1e-3,msc-d3-aa-a,msc-d3-aa-b,5,11,10,504971.20146738726,502898.51107058156,0.9958954285100166,0.41130125670437157
larger-runner-aa-31659297813-1-2-raw.json,1c970617-4e42-47b3-9b57-b5ad8dfd8d84,31659297813,1,fd6fcfbd43c8,x86_64,AMD EPYC 9V74 80-Core Processor,4,8,33652666368,ubuntu22,20260720.234.2,coherent-d5-r5-clifft-aa,coherent-surface-d5-r5-p1e-3-rz2e-2,coherent-d5-r5-aa-a,coherent-d5-r5-aa-b,0,12,13,0.38511547333946616,0.3847044382181898,0.9989326964255366,0.10678734470369626
larger-runner-aa-31659297813-1-2-raw.json,1c970617-4e42-47b3-9b57-b5ad8dfd8d84,31659297813,1,fd6fcfbd43c8,x86_64,AMD EPYC 9V74 80-Core Processor,4,8,33652666368,ubuntu22,20260720.234.2,coherent-d5-r5-clifft-aa,coherent-surface-d5-r5-p1e-3-rz2e-2,coherent-d5-r5-aa-a,coherent-d5-r5-aa-b,1,15,14,0.4125466211721038,0.40867189741296606,0.9906077917978602,0.943652309695532
larger-runner-aa-31659297813-1-2-raw.json,1c970617-4e42-47b3-9b57-b5ad8dfd8d84,31659297813,1,fd6fcfbd43c8,x86_64,AMD EPYC 9V74 80-Core Processor,4,8,33652666368,ubuntu22,20260720.234.2,coherent-d5-r5-clifft-aa,coherent-surface-d5-r5-p1e-3-rz2e-2,coherent-d5-r5-aa-a,coherent-d5-r5-aa-b,2,16,17,0.3498029515771369,0.34701326660640325,0.9920249816127737,0.8006946158646601
larger-runner-aa-31659297813-1-2-raw.json,1c970617-4e42-47b3-9b57-b5ad8dfd8d84,31659297813,1,fd6fcfbd43c8,x86_64,AMD EPYC 9V74 80-Core Processor,4,8,33652666368,ubuntu22,20260720.234.2,coherent-d5-r5-clifft-aa,coherent-surface-d5-r5-p1e-3-rz2e-2,coherent-d5-r5-aa-a,coherent-d5-r5-aa-b,3,19,18,0.41276148919917455,0.41093605824005514,0.9955775162972179,0.44322845558893387
larger-runner-aa-31659297813-1-2-raw.json,1c970617-4e42-47b3-9b57-b5ad8dfd8d84,31659297813,1,fd6fcfbd43c8,x86_64,AMD EPYC 9V74 80-Core Processor,4,8,33652666368,ubuntu22,20260720.234.2,coherent-d5-r5-clifft-aa,coherent-surface-d5-r5-p1e-3-rz2e-2,coherent-d5-r5-aa-a,coherent-d5-r5-aa-b,4,20,21,0.3175800339825383,0.31175992027624844,0.981673552857514,1.849592947946421
larger-runner-aa-31659297813-1-2-raw.json,1c970617-4e42-47b3-9b57-b5ad8dfd8d84,31659297813,1,fd6fcfbd43c8,x86_64,AMD EPYC 9V74 80-Core Processor,4,8,33652666368,ubuntu22,20260720.234.2,coherent-d5-r5-clifft-aa,coherent-surface-d5-r5-p1e-3-rz2e-2,coherent-d5-r5-aa-a,coherent-d5-r5-aa-b,5,23,22,0.3674076212160947,0.4274675259524083,1.163469403649057,15.111783265650816
larger-runner-aa-31659297813-1-2-raw.json,1c970617-4e42-47b3-9b57-b5ad8dfd8d84,31659297813,1,fd6fcfbd43c8,x86_64,AMD EPYC 9V74 80-Core Processor,4,8,33652666368,ubuntu22,20260720.234.2,msc-d3-clifft-aa,msc-d3-inject-cultivate-p1e-3,msc-d3-aa-a,msc-d3-aa-b,0,0,1,793851.008706349,792588.4405401831,0.9984095653311277,0.1591700416634865
larger-runner-aa-31659297813-1-2-raw.json,1c970617-4e42-47b3-9b57-b5ad8dfd8d84,31659297813,1,fd6fcfbd43c8,x86_64,AMD EPYC 9V74 80-Core Processor,4,8,33652666368,ubuntu22,20260720.234.2,msc-d3-clifft-aa,msc-d3-inject-cultivate-p1e-3,msc-d3-aa-a,msc-d3-aa-b,1,3,2,794304.5824449721,791915.170537272,0.9969918190571868,0.3012712334728907
larger-runner-aa-31659297813-1-2-raw.json,1c970617-4e42-47b3-9b57-b5ad8dfd8d84,31659297813,1,fd6fcfbd43c8,x86_64,AMD EPYC 9V74 80-Core Processor,4,8,33652666368,ubuntu22,20260720.234.2,msc-d3-clifft-aa,msc-d3-inject-cultivate-p1e-3,msc-d3-aa-a,msc-d3-aa-b,2,4,5,794050.3508274216,792405.995203786,0.997929154464925,0.20729919581453768
larger-runner-aa-31659297813-1-2-raw.json,1c970617-4e42-47b3-9b57-b5ad8dfd8d84,31659297813,1,fd6fcfbd43c8,x86_64,AMD EPYC 9V74 80-Core Processor,4,8,33652666368,ubuntu22,20260720.234.2,msc-d3-clifft-aa,msc-d3-inject-cultivate-p1e-3,msc-d3-aa-a,msc-d3-aa-b,3,7,6,793840.6939788266,790432.9348733238,0.9957072506721434,0.43019829951621114
larger-runner-aa-31659297813-1-2-raw.json,1c970617-4e42-47b3-9b57-b5ad8dfd8d84,31659297813,1,fd6fcfbd43c8,x86_64,AMD EPYC 9V74 80-Core Processor,4,8,33652666368,ubuntu22,20260720.234.2,msc-d3-clifft-aa,msc-d3-inject-cultivate-p1e-3,msc-d3-aa-a,msc-d3-aa-b,4,8,9,794120.1995406279,791140.2310358507,0.9962474591296117,0.37595948871233925
larger-runner-aa-31659297813-1-2-raw.json,1c970617-4e42-47b3-9b57-b5ad8dfd8d84,31659297813,1,fd6fcfbd43c8,x86_64,AMD EPYC 9V74 80-Core Processor,4,8,33652666368,ubuntu22,20260720.234.2,msc-d3-clifft-aa,msc-d3-inject-cultivate-p1e-3,msc-d3-aa-a,msc-d3-aa-b,5,11,10,793911.7035549894,793332.0723055355,0.9992699046419666,0.07303619749771897
larger-runner-aa-31659297813-1-3-raw.json,f52c50e3-c5bf-4591-b41a-b90ffb57876a,31659297813,1,fd6fcfbd43c8,x86_64,AMD EPYC 9V74 80-Core Processor,4,8,33652666368,ubuntu22,20260720.234.2,coherent-d5-r5-clifft-aa,coherent-surface-d5-r5-p1e-3-rz2e-2,coherent-d5-r5-aa-a,coherent-d5-r5-aa-b,0,12,13,0.39344496280224805,0.38553899546365733,0.9799057858504993,2.029815185460348
larger-runner-aa-31659297813-1-3-raw.json,f52c50e3-c5bf-4591-b41a-b90ffb57876a,31659297813,1,fd6fcfbd43c8,x86_64,AMD EPYC 9V74 80-Core Processor,4,8,33652666368,ubuntu22,20260720.234.2,coherent-d5-r5-clifft-aa,coherent-surface-d5-r5-p1e-3-rz2e-2,coherent-d5-r5-aa-a,coherent-d5-r5-aa-b,1,15,14,0.420691876488242,0.42033662185903986,0.99915554673371,0.08448099675582416
larger-runner-aa-31659297813-1-3-raw.json,f52c50e3-c5bf-4591-b41a-b90ffb57876a,31659297813,1,fd6fcfbd43c8,x86_64,AMD EPYC 9V74 80-Core Processor,4,8,33652666368,ubuntu22,20260720.234.2,coherent-d5-r5-clifft-aa,coherent-surface-d5-r5-p1e-3-rz2e-2,coherent-d5-r5-aa-a,coherent-d5-r5-aa-b,2,16,17,0.35548405666088795,0.3572112988045132,1.0048588455973229,0.4847070014921942
larger-runner-aa-31659297813-1-3-raw.json,f52c50e3-c5bf-4591-b41a-b90ffb57876a,31659297813,1,fd6fcfbd43c8,x86_64,AMD EPYC 9V74 80-Core Processor,4,8,33652666368,ubuntu22,20260720.234.2,coherent-d5-r5-clifft-aa,coherent-surface-d5-r5-p1e-3-rz2e-2,coherent-d5-r5-aa-a,coherent-d5-r5-aa-b,3,19,18,0.42577569773887675,0.4204401064741367,0.9874685396722377,1.261047415606276
larger-runner-aa-31659297813-1-3-raw.json,f52c50e3-c5bf-4591-b41a-b90ffb57876a,31659297813,1,fd6fcfbd43c8,x86_64,AMD EPYC 9V74 80-Core Processor,4,8,33652666368,ubuntu22,20260720.234.2,coherent-d5-r5-clifft-aa,coherent-surface-d5-r5-p1e-3-rz2e-2,coherent-d5-r5-aa-a,coherent-d5-r5-aa-b,4,20,21,0.3235570446116686,0.3245834188275908,1.0031721584586546,0.3167135131406134
larger-runner-aa-31659297813-1-3-raw.json,f52c50e3-c5bf-4591-b41a-b90ffb57876a,31659297813,1,fd6fcfbd43c8,x86_64,AMD EPYC 9V74 80-Core Processor,4,8,33652666368,ubuntu22,20260720.234.2,coherent-d5-r5-clifft-aa,coherent-surface-d5-r5-p1e-3-rz2e-2,coherent-d5-r5-aa-a,coherent-d5-r5-aa-b,5,23,22,0.3771024926686209,0.37189738553157903,0.986197102277932,1.3898819715563675
larger-runner-aa-31659297813-1-3-raw.json,f52c50e3-c5bf-4591-b41a-b90ffb57876a,31659297813,1,fd6fcfbd43c8,x86_64,AMD EPYC 9V74 80-Core Processor,4,8,33652666368,ubuntu22,20260720.234.2,msc-d3-clifft-aa,msc-d3-inject-cultivate-p1e-3,msc-d3-aa-a,msc-d3-aa-b,0,0,1,786815.0848412209,791463.016394496,1.005907273059226,0.5889876504826345
larger-runner-aa-31659297813-1-3-raw.json,f52c50e3-c5bf-4591-b41a-b90ffb57876a,31659297813,1,fd6fcfbd43c8,x86_64,AMD EPYC 9V74 80-Core Processor,4,8,33652666368,ubuntu22,20260720.234.2,msc-d3-clifft-aa,msc-d3-inject-cultivate-p1e-3,msc-d3-aa-a,msc-d3-aa-b,1,3,2,786570.3329858651,790833.0845638601,1.0054194156571012,0.5404770308684389
larger-runner-aa-31659297813-1-3-raw.json,f52c50e3-c5bf-4591-b41a-b90ffb57876a,31659297813,1,fd6fcfbd43c8,x86_64,AMD EPYC 9V74 80-Core Processor,4,8,33652666368,ubuntu22,20260720.234.2,msc-d3-clifft-aa,msc-d3-inject-cultivate-p1e-3,msc-d3-aa-a,msc-d3-aa-b,2,4,5,793330.3170120821,793379.320529501,1.000061769374456,0.006176746678717105
larger-runner-aa-31659297813-1-3-raw.json,f52c50e3-c5bf-4591-b41a-b90ffb57876a,31659297813,1,fd6fcfbd43c8,x86_64,AMD EPYC 9V74 80-Core Processor,4,8,33652666368,ubuntu22,20260720.234.2,msc-d3-clifft-aa,msc-d3-inject-cultivate-p1e-3,msc-d3-aa-a,msc-d3-aa-b,3,7,6,793400.466292563,793865.0288871583,1.0005855335537752,0.05853621791767707
larger-runner-aa-31659297813-1-3-raw.json,f52c50e3-c5bf-4591-b41a-b90ffb57876a,31659297813,1,fd6fcfbd43c8,x86_64,AMD EPYC 9V74 80-Core Processor,4,8,33652666368,ubuntu22,20260720.234.2,msc-d3-clifft-aa,msc-d3-inject-cultivate-p1e-3,msc-d3-aa-a,msc-d3-aa-b,4,8,9,793461.1041976882,792979.7643796104,0.9993933668386121,0.060681721911186495
larger-runner-aa-31659297813-1-3-raw.json,f52c50e3-c5bf-4591-b41a-b90ffb57876a,31659297813,1,fd6fcfbd43c8,x86_64,AMD EPYC 9V74 80-Core Processor,4,8,33652666368,ubuntu22,20260720.234.2,msc-d3-clifft-aa,msc-d3-inject-cultivate-p1e-3,msc-d3-aa-a,msc-d3-aa-b,5,11,10,790167.0775934913,793787.1976801214,1.0045814615532394,0.45709906442908743
larger-runner-aa-31706863022-1-1-raw.json,f1026f8d-4c1a-472d-b373-55c9830be643,31706863022,1,fd6fcfbd43c8,x86_64,AMD EPYC 9V74 80-Core Processor,4,8,33652666368,ubuntu22,20260720.234.2,coherent-d5-r5-clifft-aa,coherent-surface-d5-r5-p1e-3-rz2e-2,coherent-d5-r5-aa-a,coherent-d5-r5-aa-b,0,12,13,0.39108810854655884,0.3905657587909139,0.9986643680944781,0.13365244578760546
larger-runner-aa-31706863022-1-1-raw.json,f1026f8d-4c1a-472d-b373-55c9830be643,31706863022,1,fd6fcfbd43c8,x86_64,AMD EPYC 9V74 80-Core Processor,4,8,33652666368,ubuntu22,20260720.234.2,coherent-d5-r5-clifft-aa,coherent-surface-d5-r5-p1e-3-rz2e-2,coherent-d5-r5-aa-a,coherent-d5-r5-aa-b,1,15,14,0.4125139650541225,0.4091196296335484,0.9917715866416091,0.8262406606838895
larger-runner-aa-31706863022-1-1-raw.json,f1026f8d-4c1a-472d-b373-55c9830be643,31706863022,1,fd6fcfbd43c8,x86_64,AMD EPYC 9V74 80-Core Processor,4,8,33652666368,ubuntu22,20260720.234.2,coherent-d5-r5-clifft-aa,coherent-surface-d5-r5-p1e-3-rz2e-2,coherent-d5-r5-aa-a,coherent-d5-r5-aa-b,2,16,17,0.34424434166262324,0.32788413046199566,0.9524750033025629,4.868179783817951
larger-runner-aa-31706863022-1-1-raw.json,f1026f8d-4c1a-472d-b373-55c9830be643,31706863022,1,fd6fcfbd43c8,x86_64,AMD EPYC 9V74 80-Core Processor,4,8,33652666368,ubuntu22,20260720.234.2,coherent-d5-r5-clifft-aa,coherent-surface-d5-r5-p1e-3-rz2e-2,coherent-d5-r5-aa-a,coherent-d5-r5-aa-b,3,19,18,0.3960696179930759,0.39219185780477994,0.9902093975095971,0.9838766214905995
larger-runner-aa-31706863022-1-1-raw.json,f1026f8d-4c1a-472d-b373-55c9830be643,31706863022,1,fd6fcfbd43c8,x86_64,AMD EPYC 9V74 80-Core Processor,4,8,33652666368,ubuntu22,20260720.234.2,coherent-d5-r5-clifft-aa,coherent-surface-d5-r5-p1e-3-rz2e-2,coherent-d5-r5-aa-a,coherent-d5-r5-aa-b,4,20,21,0.2857802481776909,0.2871757049442544,1.004882971358104,0.48710786892426056
larger-runner-aa-31706863022-1-1-raw.json,f1026f8d-4c1a-472d-b373-55c9830be643,31706863022,1,fd6fcfbd43c8,x86_64,AMD EPYC 9V74 80-Core Processor,4,8,33652666368,ubuntu22,20260720.234.2,coherent-d5-r5-clifft-aa,coherent-surface-d5-r5-p1e-3-rz2e-2,coherent-d5-r5-aa-a,coherent-d5-r5-aa-b,5,23,22,0.40663704576827775,0.42254052230898675,1.0391097582136468,3.835964008912283
larger-runner-aa-31706863022-1-1-raw.json,f1026f8d-4c1a-472d-b373-55c9830be643,31706863022,1,fd6fcfbd43c8,x86_64,AMD EPYC 9V74 80-Core Processor,4,8,33652666368,ubuntu22,20260720.234.2,msc-d3-clifft-aa,msc-d3-inject-cultivate-p1e-3,msc-d3-aa-a,msc-d3-aa-b,0,0,1,794627.9106289591,792783.106131269,0.9976784046054589,0.23242934290013265
larger-runner-aa-31706863022-1-1-raw.json,f1026f8d-4c1a-472d-b373-55c9830be643,31706863022,1,fd6fcfbd43c8,x86_64,AMD EPYC 9V74 80-Core Processor,4,8,33652666368,ubuntu22,20260720.234.2,msc-d3-clifft-aa,msc-d3-inject-cultivate-p1e-3,msc-d3-aa-a,msc-d3-aa-b,1,3,2,794069.3041156005,791324.2042011073,0.9965429970655387,0.34629887155371075
larger-runner-aa-31706863022-1-1-raw.json,f1026f8d-4c1a-472d-b373-55c9830be643,31706863022,1,fd6fcfbd43c8,x86_64,AMD EPYC 9V74 80-Core Processor,4,8,33652666368,ubuntu22,20260720.234.2,msc-d3-clifft-aa,msc-d3-inject-cultivate-p1e-3,msc-d3-aa-a,msc-d3-aa-b,2,4,5,794525.0082698825,792458.1893419903,0.9973986735390584,0.26047143170796583
larger-runner-aa-31706863022-1-1-raw.json,f1026f8d-4c1a-472d-b373-55c9830be643,31706863022,1,fd6fcfbd43c8,x86_64,AMD EPYC 9V74 80-Core Processor,4,8,33652666368,ubuntu22,20260720.234.2,msc-d3-clifft-aa,msc-d3-inject-cultivate-p1e-3,msc-d3-aa-a,msc-d3-aa-b,3,7,6,793221.3362986313,792491.9314949978,0.9990804523652415,0.09199706131592822
larger-runner-aa-31706863022-1-1-raw.json,f1026f8d-4c1a-472d-b373-55c9830be643,31706863022,1,fd6fcfbd43c8,x86_64,AMD EPYC 9V74 80-Core Processor,4,8,33652666368,ubuntu22,20260720.234.2,msc-d3-clifft-aa,msc-d3-inject-cultivate-p1e-3,msc-d3-aa-a,msc-d3-aa-b,4,8,9,795039.5157636214,792571.5449783598,0.9968957885283335,0.31090370258672473
larger-runner-aa-31706863022-1-1-raw.json,f1026f8d-4c1a-472d-b373-55c9830be643,31706863022,1,fd6fcfbd43c8,x86_64,AMD EPYC 9V74 80-Core Processor,4,8,33652666368,ubuntu22,20260720.234.2,msc-d3-clifft-aa,msc-d3-inject-cultivate-p1e-3,msc-d3-aa-a,msc-d3-aa-b,5,11,10,792428.2787020575,791075.0527230245,0.9982923047859302,0.1709154571610784
larger-runner-aa-31706863022-1-2-raw.json,eb89ca27-d651-4869-9b4a-85e46dcfd24b,31706863022,1,fd6fcfbd43c8,x86_64,AMD EPYC 9V74 80-Core Processor,4,8,33652662272,ubuntu22,20260720.234.2,coherent-d5-r5-clifft-aa,coherent-surface-d5-r5-p1e-3-rz2e-2,coherent-d5-r5-aa-a,coherent-d5-r5-aa-b,0,12,13,0.38394719710528763,0.3857046735303923,1.0045773909494713,0.45669386177236165
larger-runner-aa-31706863022-1-2-raw.json,eb89ca27-d651-4869-9b4a-85e46dcfd24b,31706863022,1,fd6fcfbd43c8,x86_64,AMD EPYC 9V74 80-Core Processor,4,8,33652662272,ubuntu22,20260720.234.2,coherent-d5-r5-clifft-aa,coherent-surface-d5-r5-p1e-3-rz2e-2,coherent-d5-r5-aa-a,coherent-d5-r5-aa-b,1,15,14,0.41585917338298506,0.4131870779453599,0.9935745184700681,0.6446191472053002
larger-runner-aa-31706863022-1-2-raw.json,eb89ca27-d651-4869-9b4a-85e46dcfd24b,31706863022,1,fd6fcfbd43c8,x86_64,AMD EPYC 9V74 80-Core Processor,4,8,33652662272,ubuntu22,20260720.234.2,coherent-d5-r5-clifft-aa,coherent-surface-d5-r5-p1e-3-rz2e-2,coherent-d5-r5-aa-a,coherent-d5-r5-aa-b,2,16,17,0.3533204439630618,0.3466815190668803,0.9812099044659992,1.8968303652878564
larger-runner-aa-31706863022-1-2-raw.json,eb89ca27-d651-4869-9b4a-85e46dcfd24b,31706863022,1,fd6fcfbd43c8,x86_64,AMD EPYC 9V74 80-Core Processor,4,8,33652662272,ubuntu22,20260720.234.2,coherent-d5-r5-clifft-aa,coherent-surface-d5-r5-p1e-3-rz2e-2,coherent-d5-r5-aa-a,coherent-d5-r5-aa-b,3,19,18,0.41357174078755293,0.3964637397027324,0.9586335346505004,4.2240127739752005
larger-runner-aa-31706863022-1-2-raw.json,eb89ca27-d651-4869-9b4a-85e46dcfd24b,31706863022,1,fd6fcfbd43c8,x86_64,AMD EPYC 9V74 80-Core Processor,4,8,33652662272,ubuntu22,20260720.234.2,coherent-d5-r5-clifft-aa,coherent-surface-d5-r5-p1e-3-rz2e-2,coherent-d5-r5-aa-a,coherent-d5-r5-aa-b,4,20,21,0.3183957412742247,0.3181342772510519,0.9991788080389317,0.08215292776876423
larger-runner-aa-31706863022-1-2-raw.json,eb89ca27-d651-4869-9b4a-85e46dcfd24b,31706863022,1,fd6fcfbd43c8,x86_64,AMD EPYC 9V74 80-Core Processor,4,8,33652662272,ubuntu22,20260720.234.2,coherent-d5-r5-clifft-aa,coherent-surface-d5-r5-p1e-3-rz2e-2,coherent-d5-r5-aa-a,coherent-d5-r5-aa-b,5,23,22,0.3748637691209825,0.3676575509667481,0.9807764346735022,1.9410131289921635
larger-runner-aa-31706863022-1-2-raw.json,eb89ca27-d651-4869-9b4a-85e46dcfd24b,31706863022,1,fd6fcfbd43c8,x86_64,AMD EPYC 9V74 80-Core Processor,4,8,33652662272,ubuntu22,20260720.234.2,msc-d3-clifft-aa,msc-d3-inject-cultivate-p1e-3,msc-d3-aa-a,msc-d3-aa-b,0,0,1,803759.3611393339,793356.0779910064,0.9870567191484019,1.3027590734445944
larger-runner-aa-31706863022-1-2-raw.json,eb89ca27-d651-4869-9b4a-85e46dcfd24b,31706863022,1,fd6fcfbd43c8,x86_64,AMD EPYC 9V74 80-Core Processor,4,8,33652662272,ubuntu22,20260720.234.2,msc-d3-clifft-aa,msc-d3-inject-cultivate-p1e-3,msc-d3-aa-a,msc-d3-aa-b,1,3,2,793385.8406656989,785165.5682892546,0.9896389978808457,1.0414956813964475
larger-runner-aa-31706863022-1-2-raw.json,eb89ca27-d651-4869-9b4a-85e46dcfd24b,31706863022,1,fd6fcfbd43c8,x86_64,AMD EPYC 9V74 80-Core Processor,4,8,33652662272,ubuntu22,20260720.234.2,msc-d3-clifft-aa,msc-d3-inject-cultivate-p1e-3,msc-d3-aa-a,msc-d3-aa-b,2,4,5,792172.565698241,793315.1013392671,1.001442281253478,0.14412419153798087
larger-runner-aa-31706863022-1-2-raw.json,eb89ca27-d651-4869-9b4a-85e46dcfd24b,31706863022,1,fd6fcfbd43c8,x86_64,AMD EPYC 9V74 80-Core Processor,4,8,33652662272,ubuntu22,20260720.234.2,msc-d3-clifft-aa,msc-d3-inject-cultivate-p1e-3,msc-d3-aa-a,msc-d3-aa-b,3,7,6,793620.2281507123,785353.4719167767,0.9895834859789313,1.0471049940328017
larger-runner-aa-31706863022-1-2-raw.json,eb89ca27-d651-4869-9b4a-85e46dcfd24b,31706863022,1,fd6fcfbd43c8,x86_64,AMD EPYC 9V74 80-Core Processor,4,8,33652662272,ubuntu22,20260720.234.2,msc-d3-clifft-aa,msc-d3-inject-cultivate-p1e-3,msc-d3-aa-a,msc-d3-aa-b,4,8,9,794054.4932861319,793752.7144620415,0.9996199519974486,0.03801202345193508
larger-runner-aa-31706863022-1-2-raw.json,eb89ca27-d651-4869-9b4a-85e46dcfd24b,31706863022,1,fd6fcfbd43c8,x86_64,AMD EPYC 9V74 80-Core Processor,4,8,33652662272,ubuntu22,20260720.234.2,msc-d3-clifft-aa,msc-d3-inject-cultivate-p1e-3,msc-d3-aa-a,msc-d3-aa-b,5,11,10,793531.7754524826,794172.5188178868,1.0008074577291362,0.08071318667039949
larger-runner-aa-31706863022-1-3-raw.json,140fd97c-ffc5-4833-94cf-facc2b16c20e,31706863022,1,fd6fcfbd43c8,x86_64,AMD EPYC 9V74 80-Core Processor,4,8,33652666368,ubuntu22,20260720.234.2,coherent-d5-r5-clifft-aa,coherent-surface-d5-r5-p1e-3-rz2e-2,coherent-d5-r5-aa-a,coherent-d5-r5-aa-b,0,12,13,0.36557451833113347,0.3663149516219911,1.0020253963384478,0.2023347298342955
larger-runner-aa-31706863022-1-3-raw.json,140fd97c-ffc5-4833-94cf-facc2b16c20e,31706863022,1,fd6fcfbd43c8,x86_64,AMD EPYC 9V74 80-Core Processor,4,8,33652666368,ubuntu22,20260720.234.2,coherent-d5-r5-clifft-aa,coherent-surface-d5-r5-p1e-3-rz2e-2,coherent-d5-r5-aa-a,coherent-d5-r5-aa-b,1,15,14,0.4124277151522055,0.40569643806264044,0.9836788924646325,1.6455392651871432
larger-runner-aa-31706863022-1-3-raw.json,140fd97c-ffc5-4833-94cf-facc2b16c20e,31706863022,1,fd6fcfbd43c8,x86_64,AMD EPYC 9V74 80-Core Processor,4,8,33652666368,ubuntu22,20260720.234.2,coherent-d5-r5-clifft-aa,coherent-surface-d5-r5-p1e-3-rz2e-2,coherent-d5-r5-aa-a,coherent-d5-r5-aa-b,2,16,17,0.32914221596810406,0.3459413014668973,1.0510389876588215,4.976891026053136
larger-runner-aa-31706863022-1-3-raw.json,140fd97c-ffc5-4833-94cf-facc2b16c20e,31706863022,1,fd6fcfbd43c8,x86_64,AMD EPYC 9V74 80-Core Processor,4,8,33652666368,ubuntu22,20260720.234.2,coherent-d5-r5-clifft-aa,coherent-surface-d5-r5-p1e-3-rz2e-2,coherent-d5-r5-aa-a,coherent-d5-r5-aa-b,3,19,18,0.4004852958495486,0.407883885322112,1.0184740602195363,1.8304976599527898
larger-runner-aa-31706863022-1-3-raw.json,140fd97c-ffc5-4833-94cf-facc2b16c20e,31706863022,1,fd6fcfbd43c8,x86_64,AMD EPYC 9V74 80-Core Processor,4,8,33652666368,ubuntu22,20260720.234.2,coherent-d5-r5-clifft-aa,coherent-surface-d5-r5-p1e-3-rz2e-2,coherent-d5-r5-aa-a,coherent-d5-r5-aa-b,4,20,21,0.2967127350962727,0.3142460987058361,1.0590920494325071,5.739621931792043
larger-runner-aa-31706863022-1-3-raw.json,140fd97c-ffc5-4833-94cf-facc2b16c20e,31706863022,1,fd6fcfbd43c8,x86_64,AMD EPYC 9V74 80-Core Processor,4,8,33652666368,ubuntu22,20260720.234.2,coherent-d5-r5-clifft-aa,coherent-surface-d5-r5-p1e-3-rz2e-2,coherent-d5-r5-aa-a,coherent-d5-r5-aa-b,5,23,22,0.3702901764015566,0.3653579817101758,0.9866801902785772,1.340911313919628
larger-runner-aa-31706863022-1-3-raw.json,140fd97c-ffc5-4833-94cf-facc2b16c20e,31706863022,1,fd6fcfbd43c8,x86_64,AMD EPYC 9V74 80-Core Processor,4,8,33652666368,ubuntu22,20260720.234.2,msc-d3-clifft-aa,msc-d3-inject-cultivate-p1e-3,msc-d3-aa-a,msc-d3-aa-b,0,0,1,755944.2764635958,770492.9376492973,1.0192456793955262,1.9062246453623863
larger-runner-aa-31706863022-1-3-raw.json,140fd97c-ffc5-4833-94cf-facc2b16c20e,31706863022,1,fd6fcfbd43c8,x86_64,AMD EPYC 9V74 80-Core Processor,4,8,33652666368,ubuntu22,20260720.234.2,msc-d3-clifft-aa,msc-d3-inject-cultivate-p1e-3,msc-d3-aa-a,msc-d3-aa-b,1,3,2,781261.1789176479,767280.1664429219,0.9821045600984613,1.8057008960869128
larger-runner-aa-31706863022-1-3-raw.json,140fd97c-ffc5-4833-94cf-facc2b16c20e,31706863022,1,fd6fcfbd43c8,x86_64,AMD EPYC 9V74 80-Core Processor,4,8,33652666368,ubuntu22,20260720.234.2,msc-d3-clifft-aa,msc-d3-inject-cultivate-p1e-3,msc-d3-aa-a,msc-d3-aa-b,2,4,5,782122.4647077484,765886.5059765,0.9792411553639299,2.0976569307698263
larger-runner-aa-31706863022-1-3-raw.json,140fd97c-ffc5-4833-94cf-facc2b16c20e,31706863022,1,fd6fcfbd43c8,x86_64,AMD EPYC 9V74 80-Core Processor,4,8,33652666368,ubuntu22,20260720.234.2,msc-d3-clifft-aa,msc-d3-inject-cultivate-p1e-3,msc-d3-aa-a,msc-d3-aa-b,3,7,6,783858.8717768977,772943.1042728648,0.9860743203948328,1.4023321747998625
larger-runner-aa-31706863022-1-3-raw.json,140fd97c-ffc5-4833-94cf-facc2b16c20e,31706863022,1,fd6fcfbd43c8,x86_64,AMD EPYC 9V74 80-Core Processor,4,8,33652666368,ubuntu22,20260720.234.2,msc-d3-clifft-aa,msc-d3-inject-cultivate-p1e-3,msc-d3-aa-a,msc-d3-aa-b,4,8,9,782038.0381261687,780175.9393319512,0.997618915316857,0.2383922844228135
larger-runner-aa-31706863022-1-3-raw.json,140fd97c-ffc5-4833-94cf-facc2b16c20e,31706863022,1,fd6fcfbd43c8,x86_64,AMD EPYC 9V74 80-Core Processor,4,8,33652666368,ubuntu22,20260720.234.2,msc-d3-clifft-aa,msc-d3-inject-cultivate-p1e-3,msc-d3-aa-a,msc-d3-aa-b,5,11,10,770495.9225647962,780568.2250877725,1.0130724929594022,1.2987602786409644
larger-runner-aa-31762167063-1-1-raw.json,fdf404d1-2f9f-49a4-9262-d285bc6be6fe,31762167063,1,fd6fcfbd43c8,x86_64,AMD EPYC 9V74 80-Core Processor,4,8,33652666368,ubuntu22,20260720.234.2,coherent-d5-r5-clifft-aa,coherent-surface-d5-r5-p1e-3-rz2e-2,coherent-d5-r5-aa-a,coherent-d5-r5-aa-b,0,12,13,0.37407759563739407,0.3734222363665597,0.9982480659668546,0.1753470015043189
larger-runner-aa-31762167063-1-1-raw.json,fdf404d1-2f9f-49a4-9262-d285bc6be6fe,31762167063,1,fd6fcfbd43c8,x86_64,AMD EPYC 9V74 80-Core Processor,4,8,33652666368,ubuntu22,20260720.234.2,coherent-d5-r5-clifft-aa,coherent-surface-d5-r5-p1e-3-rz2e-2,coherent-d5-r5-aa-a,coherent-d5-r5-aa-b,1,15,14,0.4055342553070198,0.4002461172241113,0.9869600705397747,1.312550730491814
larger-runner-aa-31762167063-1-1-raw.json,fdf404d1-2f9f-49a4-9262-d285bc6be6fe,31762167063,1,fd6fcfbd43c8,x86_64,AMD EPYC 9V74 80-Core Processor,4,8,33652666368,ubuntu22,20260720.234.2,coherent-d5-r5-clifft-aa,coherent-surface-d5-r5-p1e-3-rz2e-2,coherent-d5-r5-aa-a,coherent-d5-r5-aa-b,2,16,17,0.3450862209734288,0.34382803755374325,0.996354002729705,0.3652656057302107
larger-runner-aa-31762167063-1-1-raw.json,fdf404d1-2f9f-49a4-9262-d285bc6be6fe,31762167063,1,fd6fcfbd43c8,x86_64,AMD EPYC 9V74 80-Core Processor,4,8,33652666368,ubuntu22,20260720.234.2,coherent-d5-r5-clifft-aa,coherent-surface-d5-r5-p1e-3-rz2e-2,coherent-d5-r5-aa-a,coherent-d5-r5-aa-b,3,19,18,0.39882541589459214,0.4090551901248143,1.025649755062064,2.532496548128898
larger-runner-aa-31762167063-1-1-raw.json,fdf404d1-2f9f-49a4-9262-d285bc6be6fe,31762167063,1,fd6fcfbd43c8,x86_64,AMD EPYC 9V74 80-Core Processor,4,8,33652666368,ubuntu22,20260720.234.2,coherent-d5-r5-clifft-aa,coherent-surface-d5-r5-p1e-3-rz2e-2,coherent-d5-r5-aa-a,coherent-d5-r5-aa-b,4,20,21,0.28574553124420166,0.2943394177664632,1.0300753138110046,2.9629751769696626
larger-runner-aa-31762167063-1-1-raw.json,fdf404d1-2f9f-49a4-9262-d285bc6be6fe,31762167063,1,fd6fcfbd43c8,x86_64,AMD EPYC 9V74 80-Core Processor,4,8,33652666368,ubuntu22,20260720.234.2,coherent-d5-r5-clifft-aa,coherent-surface-d5-r5-p1e-3-rz2e-2,coherent-d5-r5-aa-a,coherent-d5-r5-aa-b,5,23,22,0.36715524132287264,0.36778507951403827,1.0017154547185445,0.1713984587070706
larger-runner-aa-31762167063-1-1-raw.json,fdf404d1-2f9f-49a4-9262-d285bc6be6fe,31762167063,1,fd6fcfbd43c8,x86_64,AMD EPYC 9V74 80-Core Processor,4,8,33652666368,ubuntu22,20260720.234.2,msc-d3-clifft-aa,msc-d3-inject-cultivate-p1e-3,msc-d3-aa-a,msc-d3-aa-b,0,0,1,768692.2621843381,778514.6865415849,1.0127780970883395,1.2696975495534457
larger-runner-aa-31762167063-1-1-raw.json,fdf404d1-2f9f-49a4-9262-d285bc6be6fe,31762167063,1,fd6fcfbd43c8,x86_64,AMD EPYC 9V74 80-Core Processor,4,8,33652666368,ubuntu22,20260720.234.2,msc-d3-clifft-aa,msc-d3-inject-cultivate-p1e-3,msc-d3-aa-a,msc-d3-aa-b,1,3,2,765217.0900172933,770757.1001040845,1.007239788759378,0.7213676014117574
larger-runner-aa-31762167063-1-1-raw.json,fdf404d1-2f9f-49a4-9262-d285bc6be6fe,31762167063,1,fd6fcfbd43c8,x86_64,AMD EPYC 9V74 80-Core Processor,4,8,33652666368,ubuntu22,20260720.234.2,msc-d3-clifft-aa,msc-d3-inject-cultivate-p1e-3,msc-d3-aa-a,msc-d3-aa-b,2,4,5,766814.5722103846,764799.2614844241,0.9973718408608859,0.263161729363448
larger-runner-aa-31762167063-1-1-raw.json,fdf404d1-2f9f-49a4-9262-d285bc6be6fe,31762167063,1,fd6fcfbd43c8,x86_64,AMD EPYC 9V74 80-Core Processor,4,8,33652666368,ubuntu22,20260720.234.2,msc-d3-clifft-aa,msc-d3-inject-cultivate-p1e-3,msc-d3-aa-a,msc-d3-aa-b,3,7,6,763650.1019656159,768265.5883460366,1.0060439805724384,0.6025770751759542
larger-runner-aa-31762167063-1-1-raw.json,fdf404d1-2f9f-49a4-9262-d285bc6be6fe,31762167063,1,fd6fcfbd43c8,x86_64,AMD EPYC 9V74 80-Core Processor,4,8,33652666368,ubuntu22,20260720.234.2,msc-d3-clifft-aa,msc-d3-inject-cultivate-p1e-3,msc-d3-aa-a,msc-d3-aa-b,4,8,9,770406.8952590453,771636.7163192326,1.00159632665252,0.15950535392816562
larger-runner-aa-31762167063-1-1-raw.json,fdf404d1-2f9f-49a4-9262-d285bc6be6fe,31762167063,1,fd6fcfbd43c8,x86_64,AMD EPYC 9V74 80-Core Processor,4,8,33652666368,ubuntu22,20260720.234.2,msc-d3-clifft-aa,msc-d3-inject-cultivate-p1e-3,msc-d3-aa-a,msc-d3-aa-b,5,11,10,774677.7937843439,768845.3122558286,0.9924710872374136,0.755736212265478
larger-runner-aa-31762167063-1-2-raw.json,2445baab-333a-422f-91b1-aa22d76b823d,31762167063,1,fd6fcfbd43c8,x86_64,AMD EPYC 9V74 80-Core Processor,4,8,33652666368,ubuntu22,20260720.234.2,coherent-d5-r5-clifft-aa,coherent-surface-d5-r5-p1e-3-rz2e-2,coherent-d5-r5-aa-a,coherent-d5-r5-aa-b,0,12,13,0.3571821329588896,0.35679771658599707,0.9989237525132961,0.1076826952854728
larger-runner-aa-31762167063-1-2-raw.json,2445baab-333a-422f-91b1-aa22d76b823d,31762167063,1,fd6fcfbd43c8,x86_64,AMD EPYC 9V74 80-Core Processor,4,8,33652666368,ubuntu22,20260720.234.2,coherent-d5-r5-clifft-aa,coherent-surface-d5-r5-p1e-3-rz2e-2,coherent-d5-r5-aa-a,coherent-d5-r5-aa-b,1,15,14,0.3817257554536699,0.3799509116726243,0.9953504741147575,0.4660360117743502
larger-runner-aa-31762167063-1-2-raw.json,2445baab-333a-422f-91b1-aa22d76b823d,31762167063,1,fd6fcfbd43c8,x86_64,AMD EPYC 9V74 80-Core Processor,4,8,33652666368,ubuntu22,20260720.234.2,coherent-d5-r5-clifft-aa,coherent-surface-d5-r5-p1e-3-rz2e-2,coherent-d5-r5-aa-a,coherent-d5-r5-aa-b,2,16,17,0.31420694480051026,0.3140383907185634,0.9994635571086632,0.053658681542813884
larger-runner-aa-31762167063-1-2-raw.json,2445baab-333a-422f-91b1-aa22d76b823d,31762167063,1,fd6fcfbd43c8,x86_64,AMD EPYC 9V74 80-Core Processor,4,8,33652666368,ubuntu22,20260720.234.2,coherent-d5-r5-clifft-aa,coherent-surface-d5-r5-p1e-3-rz2e-2,coherent-d5-r5-aa-a,coherent-d5-r5-aa-b,3,19,18,0.38200277985872966,0.38345823818636227,1.0038100726077723,0.38028280822182114
larger-runner-aa-31762167063-1-2-raw.json,2445baab-333a-422f-91b1-aa22d76b823d,31762167063,1,fd6fcfbd43c8,x86_64,AMD EPYC 9V74 80-Core Processor,4,8,33652666368,ubuntu22,20260720.234.2,coherent-d5-r5-clifft-aa,coherent-surface-d5-r5-p1e-3-rz2e-2,coherent-d5-r5-aa-a,coherent-d5-r5-aa-b,4,20,21,0.2836958419180195,0.28220193471315086,0.9947341237193729,0.5279777608464816
larger-runner-aa-31762167063-1-2-raw.json,2445baab-333a-422f-91b1-aa22d76b823d,31762167063,1,fd6fcfbd43c8,x86_64,AMD EPYC 9V74 80-Core Processor,4,8,33652666368,ubuntu22,20260720.234.2,coherent-d5-r5-clifft-aa,coherent-surface-d5-r5-p1e-3-rz2e-2,coherent-d5-r5-aa-a,coherent-d5-r5-aa-b,5,23,22,0.4069352550620785,0.39938870555211964,0.981455159227215,1.871840569939274
larger-runner-aa-31762167063-1-2-raw.json,2445baab-333a-422f-91b1-aa22d76b823d,31762167063,1,fd6fcfbd43c8,x86_64,AMD EPYC 9V74 80-Core Processor,4,8,33652666368,ubuntu22,20260720.234.2,msc-d3-clifft-aa,msc-d3-inject-cultivate-p1e-3,msc-d3-aa-a,msc-d3-aa-b,0,0,1,781510.4047228934,793682.6109302546,1.0155752324393905,1.5454875797952963
larger-runner-aa-31762167063-1-2-raw.json,2445baab-333a-422f-91b1-aa22d76b823d,31762167063,1,fd6fcfbd43c8,x86_64,AMD EPYC 9V74 80-Core Processor,4,8,33652666368,ubuntu22,20260720.234.2,msc-d3-clifft-aa,msc-d3-inject-cultivate-p1e-3,msc-d3-aa-a,msc-d3-aa-b,1,3,2,788473.4559121681,793906.382549188,1.0068904369529277,0.6866779397673076
larger-runner-aa-31762167063-1-2-raw.json,2445baab-333a-422f-91b1-aa22d76b823d,31762167063,1,fd6fcfbd43c8,x86_64,AMD EPYC 9V74 80-Core Processor,4,8,33652666368,ubuntu22,20260720.234.2,msc-d3-clifft-aa,msc-d3-inject-cultivate-p1e-3,msc-d3-aa-a,msc-d3-aa-b,2,4,5,788698.4327707811,794574.471856741,1.0074502989251757,0.7422648450290111
larger-runner-aa-31762167063-1-2-raw.json,2445baab-333a-422f-91b1-aa22d76b823d,31762167063,1,fd6fcfbd43c8,x86_64,AMD EPYC 9V74 80-Core Processor,4,8,33652666368,ubuntu22,20260720.234.2,msc-d3-clifft-aa,msc-d3-inject-cultivate-p1e-3,msc-d3-aa-a,msc-d3-aa-b,3,7,6,787857.0370529535,794595.5599612222,1.008552976734808,0.8516555783071416
larger-runner-aa-31762167063-1-2-raw.json,2445baab-333a-422f-91b1-aa22d76b823d,31762167063,1,fd6fcfbd43c8,x86_64,AMD EPYC 9V74 80-Core Processor,4,8,33652666368,ubuntu22,20260720.234.2,msc-d3-clifft-aa,msc-d3-inject-cultivate-p1e-3,msc-d3-aa-a,msc-d3-aa-b,4,8,9,788389.2626059602,793480.9415114535,1.006458331115093,0.6437543222244425
larger-runner-aa-31762167063-1-2-raw.json,2445baab-333a-422f-91b1-aa22d76b823d,31762167063,1,fd6fcfbd43c8,x86_64,AMD EPYC 9V74 80-Core Processor,4,8,33652666368,ubuntu22,20260720.234.2,msc-d3-clifft-aa,msc-d3-inject-cultivate-p1e-3,msc-d3-aa-a,msc-d3-aa-b,5,11,10,788232.402159303,793754.3934652306,1.007005537060898,0.6981083939765336
larger-runner-aa-31762167063-1-3-raw.json,b6a837ab-9cdf-4559-8692-1cb99381acd5,31762167063,1,7e265351f5ae,x86_64,AMD EPYC 7763 64-Core Processor,4,8,33652666368,ubuntu22,20260720.234.2,coherent-d5-r5-clifft-aa,coherent-surface-d5-r5-p1e-3-rz2e-2,coherent-d5-r5-aa-a,coherent-d5-r5-aa-b,0,12,13,0.35860810958465755,0.36126686735067953,1.0074141038503044,0.7386720892399634
larger-runner-aa-31762167063-1-3-raw.json,b6a837ab-9cdf-4559-8692-1cb99381acd5,31762167063,1,7e265351f5ae,x86_64,AMD EPYC 7763 64-Core Processor,4,8,33652666368,ubuntu22,20260720.234.2,coherent-d5-r5-clifft-aa,coherent-surface-d5-r5-p1e-3-rz2e-2,coherent-d5-r5-aa-a,coherent-d5-r5-aa-b,1,15,14,0.36046105109573257,0.3586387351969911,0.994944485976496,0.506832551887223
larger-runner-aa-31762167063-1-3-raw.json,b6a837ab-9cdf-4559-8692-1cb99381acd5,31762167063,1,7e265351f5ae,x86_64,AMD EPYC 7763 64-Core Processor,4,8,33652666368,ubuntu22,20260720.234.2,coherent-d5-r5-clifft-aa,coherent-surface-d5-r5-p1e-3-rz2e-2,coherent-d5-r5-aa-a,coherent-d5-r5-aa-b,2,16,17,0.2825722276317508,0.2817889562387433,0.9972280666094748,0.2775780529893017
larger-runner-aa-31762167063-1-3-raw.json,b6a837ab-9cdf-4559-8692-1cb99381acd5,31762167063,1,7e265351f5ae,x86_64,AMD EPYC 7763 64-Core Processor,4,8,33652666368,ubuntu22,20260720.234.2,coherent-d5-r5-clifft-aa,coherent-surface-d5-r5-p1e-3-rz2e-2,coherent-d5-r5-aa-a,coherent-d5-r5-aa-b,3,19,18,0.390772420358432,0.39080637500694226,1.0000868911078196,0.008688733295118378
larger-runner-aa-31762167063-1-3-raw.json,b6a837ab-9cdf-4559-8692-1cb99381acd5,31762167063,1,7e265351f5ae,x86_64,AMD EPYC 7763 64-Core Processor,4,8,33652666368,ubuntu22,20260720.234.2,coherent-d5-r5-clifft-aa,coherent-surface-d5-r5-p1e-3-rz2e-2,coherent-d5-r5-aa-a,coherent-d5-r5-aa-b,4,20,21,0.24226732159264966,0.2419428661087695,0.9986607542373144,0.13401431532053182
larger-runner-aa-31762167063-1-3-raw.json,b6a837ab-9cdf-4559-8692-1cb99381acd5,31762167063,1,7e265351f5ae,x86_64,AMD EPYC 7763 64-Core Processor,4,8,33652666368,ubuntu22,20260720.234.2,coherent-d5-r5-clifft-aa,coherent-surface-d5-r5-p1e-3-rz2e-2,coherent-d5-r5-aa-a,coherent-d5-r5-aa-b,5,23,22,0.35965011265504354,0.3604984011680927,1.002358649373934,0.2355871037060746
larger-runner-aa-31762167063-1-3-raw.json,b6a837ab-9cdf-4559-8692-1cb99381acd5,31762167063,1,7e265351f5ae,x86_64,AMD EPYC 7763 64-Core Processor,4,8,33652666368,ubuntu22,20260720.234.2,msc-d3-clifft-aa,msc-d3-inject-cultivate-p1e-3,msc-d3-aa-a,msc-d3-aa-b,0,0,1,507990.9416465789,507339.14995530405,0.9987169226105447,0.12839010616665922
larger-runner-aa-31762167063-1-3-raw.json,b6a837ab-9cdf-4559-8692-1cb99381acd5,31762167063,1,7e265351f5ae,x86_64,AMD EPYC 7763 64-Core Processor,4,8,33652666368,ubuntu22,20260720.234.2,msc-d3-clifft-aa,msc-d3-inject-cultivate-p1e-3,msc-d3-aa-a,msc-d3-aa-b,1,3,2,506166.5957845833,507334.51503922965,1.0023073811357228,0.2304722199459684
larger-runner-aa-31762167063-1-3-raw.json,b6a837ab-9cdf-4559-8692-1cb99381acd5,31762167063,1,7e265351f5ae,x86_64,AMD EPYC 7763 64-Core Processor,4,8,33652666368,ubuntu22,20260720.234.2,msc-d3-clifft-aa,msc-d3-inject-cultivate-p1e-3,msc-d3-aa-a,msc-d3-aa-b,2,4,5,507775.07043048006,507298.5333765795,0.999061519397759,0.09389211818990732
larger-runner-aa-31762167063-1-3-raw.json,b6a837ab-9cdf-4559-8692-1cb99381acd5,31762167063,1,7e265351f5ae,x86_64,AMD EPYC 7763 64-Core Processor,4,8,33652666368,ubuntu22,20260720.234.2,msc-d3-clifft-aa,msc-d3-inject-cultivate-p1e-3,msc-d3-aa-a,msc-d3-aa-b,3,7,6,506090.8245658778,507284.425322647,1.0023584714419453,0.23556935239941684
larger-runner-aa-31762167063-1-3-raw.json,b6a837ab-9cdf-4559-8692-1cb99381acd5,31762167063,1,7e265351f5ae,x86_64,AMD EPYC 7763 64-Core Processor,4,8,33652666368,ubuntu22,20260720.234.2,msc-d3-clifft-aa,msc-d3-inject-cultivate-p1e-3,msc-d3-aa-a,msc-d3-aa-b,4,8,9,507168.2400282132,507254.17266486457,1.0001694361552422,0.01694218021529159
larger-runner-aa-31762167063-1-3-raw.json,b6a837ab-9cdf-4559-8692-1cb99381acd5,31762167063,1,7e265351f5ae,x86_64,AMD EPYC 7763 64-Core Processor,4,8,33652666368,ubuntu22,20260720.234.2,msc-d3-clifft-aa,msc-d3-inject-cultivate-p1e-3,msc-d3-aa-a,msc-d3-aa-b,5,11,10,505915.78371167654,507211.21377079946,1.0025605646252405,0.25572905713537025
larger-runner-aa-31806330052-1-1-raw.json,99cae94e-0196-4501-a4bb-7d70c657e5aa,31806330052,1,7e265351f5ae,x86_64,AMD EPYC 7763 64-Core Processor,4,8,33652666368,ubuntu22,20260720.234.2,coherent-d5-r5-clifft-aa,coherent-surface-d5-r5-p1e-3-rz2e-2,coherent-d5-r5-aa-a,coherent-d5-r5-aa-b,0,12,13,0.3551834754842691,0.35990475230643115,1.0132925013353307,1.3204739327757278
larger-runner-aa-31806330052-1-1-raw.json,99cae94e-0196-4501-a4bb-7d70c657e5aa,31806330052,1,7e265351f5ae,x86_64,AMD EPYC 7763 64-Core Processor,4,8,33652666368,ubuntu22,20260720.234.2,coherent-d5-r5-clifft-aa,coherent-surface-d5-r5-p1e-3-rz2e-2,coherent-d5-r5-aa-a,coherent-d5-r5-aa-b,1,15,14,0.3491823349948904,0.3518977619439348,1.0077765301302661,0.7746410034747748
larger-runner-aa-31806330052-1-1-raw.json,99cae94e-0196-4501-a4bb-7d70c657e5aa,31806330052,1,7e265351f5ae,x86_64,AMD EPYC 7763 64-Core Processor,4,8,33652666368,ubuntu22,20260720.234.2,coherent-d5-r5-clifft-aa,coherent-surface-d5-r5-p1e-3-rz2e-2,coherent-d5-r5-aa-a,coherent-d5-r5-aa-b,2,16,17,0.27598107923191584,0.282295275454487,1.0228790909874845,2.262032475338495
larger-runner-aa-31806330052-1-1-raw.json,99cae94e-0196-4501-a4bb-7d70c657e5aa,31806330052,1,7e265351f5ae,x86_64,AMD EPYC 7763 64-Core Processor,4,8,33652666368,ubuntu22,20260720.234.2,coherent-d5-r5-clifft-aa,coherent-surface-d5-r5-p1e-3-rz2e-2,coherent-d5-r5-aa-a,coherent-d5-r5-aa-b,3,19,18,0.38294214630222406,0.38148682344024154,0.9961996273430975,0.3807607821228484
larger-runner-aa-31806330052-1-1-raw.json,99cae94e-0196-4501-a4bb-7d70c657e5aa,31806330052,1,7e265351f5ae,x86_64,AMD EPYC 7763 64-Core Processor,4,8,33652666368,ubuntu22,20260720.234.2,coherent-d5-r5-clifft-aa,coherent-surface-d5-r5-p1e-3-rz2e-2,coherent-d5-r5-aa-a,coherent-d5-r5-aa-b,4,20,21,0.23426759481175674,0.24039588665785033,1.0261593663904645,2.582162768081407
larger-runner-aa-31806330052-1-1-raw.json,99cae94e-0196-4501-a4bb-7d70c657e5aa,31806330052,1,7e265351f5ae,x86_64,AMD EPYC 7763 64-Core Processor,4,8,33652666368,ubuntu22,20260720.234.2,coherent-d5-r5-clifft-aa,coherent-surface-d5-r5-p1e-3-rz2e-2,coherent-d5-r5-aa-a,coherent-d5-r5-aa-b,5,23,22,0.35917427759935894,0.36168767907968796,1.0069977212653647,0.6973322581505241
larger-runner-aa-31806330052-1-1-raw.json,99cae94e-0196-4501-a4bb-7d70c657e5aa,31806330052,1,7e265351f5ae,x86_64,AMD EPYC 7763 64-Core Processor,4,8,33652666368,ubuntu22,20260720.234.2,msc-d3-clifft-aa,msc-d3-inject-cultivate-p1e-3,msc-d3-aa-a,msc-d3-aa-b,0,0,1,505207.5157948669,505144.18297829584,0.9998746399952673,0.012536786279066672
larger-runner-aa-31806330052-1-1-raw.json,99cae94e-0196-4501-a4bb-7d70c657e5aa,31806330052,1,7e265351f5ae,x86_64,AMD EPYC 7763 64-Core Processor,4,8,33652666368,ubuntu22,20260720.234.2,msc-d3-clifft-aa,msc-d3-inject-cultivate-p1e-3,msc-d3-aa-a,msc-d3-aa-b,1,3,2,505694.4908543218,506991.33736001817,1.0025644861258138,0.2561202042262366
larger-runner-aa-31806330052-1-1-raw.json,99cae94e-0196-4501-a4bb-7d70c657e5aa,31806330052,1,7e265351f5ae,x86_64,AMD EPYC 7763 64-Core Processor,4,8,33652666368,ubuntu22,20260720.234.2,msc-d3-clifft-aa,msc-d3-inject-cultivate-p1e-3,msc-d3-aa-a,msc-d3-aa-b,2,4,5,506174.9624530632,507404.58790135593,1.0024292498434406,0.24263027955975222
larger-runner-aa-31806330052-1-1-raw.json,99cae94e-0196-4501-a4bb-7d70c657e5aa,31806330052,1,7e265351f5ae,x86_64,AMD EPYC 7763 64-Core Processor,4,8,33652666368,ubuntu22,20260720.234.2,msc-d3-clifft-aa,msc-d3-inject-cultivate-p1e-3,msc-d3-aa-a,msc-d3-aa-b,3,7,6,506478.5137318822,506694.59329236584,1.0004266312481678,0.042654026046599326
larger-runner-aa-31806330052-1-1-raw.json,99cae94e-0196-4501-a4bb-7d70c657e5aa,31806330052,1,7e265351f5ae,x86_64,AMD EPYC 7763 64-Core Processor,4,8,33652666368,ubuntu22,20260720.234.2,msc-d3-clifft-aa,msc-d3-inject-cultivate-p1e-3,msc-d3-aa-a,msc-d3-aa-b,4,8,9,505525.28125673183,507905.36765380844,1.0047081451419397,0.4697087856253907
larger-runner-aa-31806330052-1-1-raw.json,99cae94e-0196-4501-a4bb-7d70c657e5aa,31806330052,1,7e265351f5ae,x86_64,AMD EPYC 7763 64-Core Processor,4,8,33652666368,ubuntu22,20260720.234.2,msc-d3-clifft-aa,msc-d3-inject-cultivate-p1e-3,msc-d3-aa-a,msc-d3-aa-b,5,11,10,506232.28069447656,506542.07604184793,1.0006119628462775,0.061177565429221585
larger-runner-aa-31806330052-1-2-raw.json,155e50a1-aec2-4cb1-98c6-c64d866aac79,31806330052,1,fd6fcfbd43c8,x86_64,AMD EPYC 9V74 80-Core Processor,4,8,33652666368,ubuntu22,20260720.234.2,coherent-d5-r5-clifft-aa,coherent-surface-d5-r5-p1e-3-rz2e-2,coherent-d5-r5-aa-a,coherent-d5-r5-aa-b,0,12,13,0.33995893639407104,0.3408038934151628,1.0024854678922526,0.24823829506923925
larger-runner-aa-31806330052-1-2-raw.json,155e50a1-aec2-4cb1-98c6-c64d866aac79,31806330052,1,fd6fcfbd43c8,x86_64,AMD EPYC 9V74 80-Core Processor,4,8,33652666368,ubuntu22,20260720.234.2,coherent-d5-r5-clifft-aa,coherent-surface-d5-r5-p1e-3-rz2e-2,coherent-d5-r5-aa-a,coherent-d5-r5-aa-b,1,15,14,0.34054708103824677,0.33778602442873257,0.991892291071483,0.8140710182833931
larger-runner-aa-31806330052-1-2-raw.json,155e50a1-aec2-4cb1-98c6-c64d866aac79,31806330052,1,fd6fcfbd43c8,x86_64,AMD EPYC 9V74 80-Core Processor,4,8,33652666368,ubuntu22,20260720.234.2,coherent-d5-r5-clifft-aa,coherent-surface-d5-r5-p1e-3-rz2e-2,coherent-d5-r5-aa-a,coherent-d5-r5-aa-b,2,16,17,0.2661556806566431,0.26611711880672256,0.9998551154353521,0.014489506117687474
larger-runner-aa-31806330052-1-2-raw.json,155e50a1-aec2-4cb1-98c6-c64d866aac79,31806330052,1,fd6fcfbd43c8,x86_64,AMD EPYC 9V74 80-Core Processor,4,8,33652666368,ubuntu22,20260720.234.2,coherent-d5-r5-clifft-aa,coherent-surface-d5-r5-p1e-3-rz2e-2,coherent-d5-r5-aa-a,coherent-d5-r5-aa-b,3,19,18,0.37490771954611035,0.36942607373590663,0.9853786798072864,1.472899889721063
larger-runner-aa-31806330052-1-2-raw.json,155e50a1-aec2-4cb1-98c6-c64d866aac79,31806330052,1,fd6fcfbd43c8,x86_64,AMD EPYC 9V74 80-Core Processor,4,8,33652666368,ubuntu22,20260720.234.2,coherent-d5-r5-clifft-aa,coherent-surface-d5-r5-p1e-3-rz2e-2,coherent-d5-r5-aa-a,coherent-d5-r5-aa-b,4,20,21,0.23148456157245842,0.22851648103272465,0.9871780626769586,1.2904668749984816
larger-runner-aa-31806330052-1-2-raw.json,155e50a1-aec2-4cb1-98c6-c64d866aac79,31806330052,1,fd6fcfbd43c8,x86_64,AMD EPYC 9V74 80-Core Processor,4,8,33652666368,ubuntu22,20260720.234.2,coherent-d5-r5-clifft-aa,coherent-surface-d5-r5-p1e-3-rz2e-2,coherent-d5-r5-aa-a,coherent-d5-r5-aa-b,5,23,22,0.34348924936761116,0.3410691761417851,0.9929544425909062,0.7070465092954521
larger-runner-aa-31806330052-1-2-raw.json,155e50a1-aec2-4cb1-98c6-c64d866aac79,31806330052,1,fd6fcfbd43c8,x86_64,AMD EPYC 9V74 80-Core Processor,4,8,33652666368,ubuntu22,20260720.234.2,msc-d3-clifft-aa,msc-d3-inject-cultivate-p1e-3,msc-d3-aa-a,msc-d3-aa-b,0,0,1,593591.4203100718,582229.5387310886,0.9808590872606479,1.9325870136297554
larger-runner-aa-31806330052-1-2-raw.json,155e50a1-aec2-4cb1-98c6-c64d866aac79,31806330052,1,fd6fcfbd43c8,x86_64,AMD EPYC 9V74 80-Core Processor,4,8,33652666368,ubuntu22,20260720.234.2,msc-d3-clifft-aa,msc-d3-inject-cultivate-p1e-3,msc-d3-aa-a,msc-d3-aa-b,1,3,2,594214.3096867419,580502.9338469714,0.9769252008639797,2.3344129687795863
larger-runner-aa-31806330052-1-2-raw.json,155e50a1-aec2-4cb1-98c6-c64d866aac79,31806330052,1,fd6fcfbd43c8,x86_64,AMD EPYC 9V74 80-Core Processor,4,8,33652666368,ubuntu22,20260720.234.2,msc-d3-clifft-aa,msc-d3-inject-cultivate-p1e-3,msc-d3-aa-a,msc-d3-aa-b,2,4,5,596740.161185373,582219.4318925224,0.9756665794639892,2.4633124626335166
larger-runner-aa-31806330052-1-2-raw.json,155e50a1-aec2-4cb1-98c6-c64d866aac79,31806330052,1,fd6fcfbd43c8,x86_64,AMD EPYC 9V74 80-Core Processor,4,8,33652666368,ubuntu22,20260720.234.2,msc-d3-clifft-aa,msc-d3-inject-cultivate-p1e-3,msc-d3-aa-a,msc-d3-aa-b,3,7,6,595705.3152843582,582370.1716311706,0.9776145296826466,2.26388610938712
larger-runner-aa-31806330052-1-2-raw.json,155e50a1-aec2-4cb1-98c6-c64d866aac79,31806330052,1,fd6fcfbd43c8,x86_64,AMD EPYC 9V74 80-Core Processor,4,8,33652666368,ubuntu22,20260720.234.2,msc-d3-clifft-aa,msc-d3-inject-cultivate-p1e-3,msc-d3-aa-a,msc-d3-aa-b,4,8,9,594644.7487732796,582742.4826301212,0.9799842407290871,2.0218099577946638
larger-runner-aa-31806330052-1-2-raw.json,155e50a1-aec2-4cb1-98c6-c64d866aac79,31806330052,1,fd6fcfbd43c8,x86_64,AMD EPYC 9V74 80-Core Processor,4,8,33652666368,ubuntu22,20260720.234.2,msc-d3-clifft-aa,msc-d3-inject-cultivate-p1e-3,msc-d3-aa-a,msc-d3-aa-b,5,11,10,594120.8620799478,582394.7836585817,0.9802631431249282,1.9933569882966415
larger-runner-aa-31806330052-1-3-raw.json,fc7d10ae-538a-46b5-a2e7-da09e0a0b43e,31806330052,1,0d3e0b6ff9f8,x86_64,INTEL(R) XEON(R) PLATINUM 8573C,4,8,33649205248,ubuntu22,20260810.260.1,coherent-d5-r5-clifft-aa,coherent-surface-d5-r5-p1e-3-rz2e-2,coherent-d5-r5-aa-a,coherent-d5-r5-aa-b,0,12,13,0.37585189766056887,0.3768773790123988,1.002728418715491,0.2724701652000395
larger-runner-aa-31806330052-1-3-raw.json,fc7d10ae-538a-46b5-a2e7-da09e0a0b43e,31806330052,1,0d3e0b6ff9f8,x86_64,INTEL(R) XEON(R) PLATINUM 8573C,4,8,33649205248,ubuntu22,20260810.260.1,coherent-d5-r5-clifft-aa,coherent-surface-d5-r5-p1e-3-rz2e-2,coherent-d5-r5-aa-a,coherent-d5-r5-aa-b,1,15,14,0.34250645115657424,0.3799381390452725,1.1092875411902436,10.362507629336687
larger-runner-aa-31806330052-1-3-raw.json,fc7d10ae-538a-46b5-a2e7-da09e0a0b43e,31806330052,1,0d3e0b6ff9f8,x86_64,INTEL(R) XEON(R) PLATINUM 8573C,4,8,33649205248,ubuntu22,20260810.260.1,coherent-d5-r5-clifft-aa,coherent-surface-d5-r5-p1e-3-rz2e-2,coherent-d5-r5-aa-a,coherent-d5-r5-aa-b,2,16,17,0.28431898786867293,0.28933712018037966,1.017649655935131,1.7495263246731196
larger-runner-aa-31806330052-1-3-raw.json,fc7d10ae-538a-46b5-a2e7-da09e0a0b43e,31806330052,1,0d3e0b6ff9f8,x86_64,INTEL(R) XEON(R) PLATINUM 8573C,4,8,33649205248,ubuntu22,20260810.260.1,coherent-d5-r5-clifft-aa,coherent-surface-d5-r5-p1e-3-rz2e-2,coherent-d5-r5-aa-a,coherent-d5-r5-aa-b,3,19,18,0.4208182879399549,0.40790342017203457,0.9693101080964354,3.1168165721984638
larger-runner-aa-31806330052-1-3-raw.json,fc7d10ae-538a-46b5-a2e7-da09e0a0b43e,31806330052,1,0d3e0b6ff9f8,x86_64,INTEL(R) XEON(R) PLATINUM 8573C,4,8,33649205248,ubuntu22,20260810.260.1,coherent-d5-r5-clifft-aa,coherent-surface-d5-r5-p1e-3-rz2e-2,coherent-d5-r5-aa-a,coherent-d5-r5-aa-b,4,20,21,0.24478286041186675,0.2287641628529675,0.9345595621689096,6.765409461750834
larger-runner-aa-31806330052-1-3-raw.json,fc7d10ae-538a-46b5-a2e7-da09e0a0b43e,31806330052,1,0d3e0b6ff9f8,x86_64,INTEL(R) XEON(R) PLATINUM 8573C,4,8,33649205248,ubuntu22,20260810.260.1,coherent-d5-r5-clifft-aa,coherent-surface-d5-r5-p1e-3-rz2e-2,coherent-d5-r5-aa-a,coherent-d5-r5-aa-b,5,23,22,0.3782024520136689,0.3785749145527836,1.0009848231737566,0.09843384740866289
larger-runner-aa-31806330052-1-3-raw.json,fc7d10ae-538a-46b5-a2e7-da09e0a0b43e,31806330052,1,0d3e0b6ff9f8,x86_64,INTEL(R) XEON(R) PLATINUM 8573C,4,8,33649205248,ubuntu22,20260810.260.1,msc-d3-clifft-aa,msc-d3-inject-cultivate-p1e-3,msc-d3-aa-a,msc-d3-aa-b,0,0,1,789224.7314714337,789940.8762168287,1.0009074028180287,0.09069913147911271
larger-runner-aa-31806330052-1-3-raw.json,fc7d10ae-538a-46b5-a2e7-da09e0a0b43e,31806330052,1,0d3e0b6ff9f8,x86_64,INTEL(R) XEON(R) PLATINUM 8573C,4,8,33649205248,ubuntu22,20260810.260.1,msc-d3-clifft-aa,msc-d3-inject-cultivate-p1e-3,msc-d3-aa-a,msc-d3-aa-b,1,3,2,789495.4424629848,787805.4809902727,0.9978594411293371,0.21428523214355288
larger-runner-aa-31806330052-1-3-raw.json,fc7d10ae-538a-46b5-a2e7-da09e0a0b43e,31806330052,1,0d3e0b6ff9f8,x86_64,INTEL(R) XEON(R) PLATINUM 8573C,4,8,33649205248,ubuntu22,20260810.260.1,msc-d3-clifft-aa,msc-d3-inject-cultivate-p1e-3,msc-d3-aa-a,msc-d3-aa-b,2,4,5,790063.4053222783,790068.8473887828,1.0000068881389366,0.0006888115213351984
larger-runner-aa-31806330052-1-3-raw.json,fc7d10ae-538a-46b5-a2e7-da09e0a0b43e,31806330052,1,0d3e0b6ff9f8,x86_64,INTEL(R) XEON(R) PLATINUM 8573C,4,8,33649205248,ubuntu22,20260810.260.1,msc-d3-clifft-aa,msc-d3-inject-cultivate-p1e-3,msc-d3-aa-a,msc-d3-aa-b,3,7,6,789481.7205137913,787576.1555972887,0.9975863090088236,0.24166074630077172
larger-runner-aa-31806330052-1-3-raw.json,fc7d10ae-538a-46b5-a2e7-da09e0a0b43e,31806330052,1,0d3e0b6ff9f8,x86_64,INTEL(R) XEON(R) PLATINUM 8573C,4,8,33649205248,ubuntu22,20260810.260.1,msc-d3-clifft-aa,msc-d3-inject-cultivate-p1e-3,msc-d3-aa-a,msc-d3-aa-b,4,8,9,788735.0729099453,784204.0947741735,0.9942553865152017,0.5761161307265175
larger-runner-aa-31806330052-1-3-raw.json,fc7d10ae-538a-46b5-a2e7-da09e0a0b43e,31806330052,1,0d3e0b6ff9f8,x86_64,INTEL(R) XEON(R) PLATINUM 8573C,4,8,33649205248,ubuntu22,20260810.260.1,msc-d3-clifft-aa,msc-d3-inject-cultivate-p1e-3,msc-d3-aa-a,msc-d3-aa-b,5,11,10,784730.3664598855,788736.270840629,1.0051048163190308,0.509181991632966
larger-runner-aa-31857548257-1-1-raw.json,d629ef15-a5ca-4cdb-a9af-39fc1739c09f,31857548257,1,0d3e0b6ff9f8,x86_64,INTEL(R) XEON(R) PLATINUM 8573C,4,8,33649201152,ubuntu22,20260810.260.1,coherent-d5-r5-clifft-aa,coherent-surface-d5-r5-p1e-3-rz2e-2,coherent-d5-r5-aa-a,coherent-d5-r5-aa-b,0,12,13,0.49694003570849726,0.4969764098684819,1.0000731962759506,0.007319359720127529
larger-runner-aa-31857548257-1-1-raw.json,d629ef15-a5ca-4cdb-a9af-39fc1739c09f,31857548257,1,0d3e0b6ff9f8,x86_64,INTEL(R) XEON(R) PLATINUM 8573C,4,8,33649201152,ubuntu22,20260810.260.1,coherent-d5-r5-clifft-aa,coherent-surface-d5-r5-p1e-3-rz2e-2,coherent-d5-r5-aa-a,coherent-d5-r5-aa-b,1,15,14,0.5652251817411247,0.5638025304359963,0.9974830362285947,0.25201353160501255
larger-runner-aa-31857548257-1-1-raw.json,d629ef15-a5ca-4cdb-a9af-39fc1739c09f,31857548257,1,0d3e0b6ff9f8,x86_64,INTEL(R) XEON(R) PLATINUM 8573C,4,8,33649201152,ubuntu22,20260810.260.1,coherent-d5-r5-clifft-aa,coherent-surface-d5-r5-p1e-3-rz2e-2,coherent-d5-r5-aa-a,coherent-d5-r5-aa-b,2,16,17,0.46647592058910226,0.46177224413959594,0.9899165718059656,1.0134523564355375
larger-runner-aa-31857548257-1-1-raw.json,d629ef15-a5ca-4cdb-a9af-39fc1739c09f,31857548257,1,0d3e0b6ff9f8,x86_64,INTEL(R) XEON(R) PLATINUM 8573C,4,8,33649201152,ubuntu22,20260810.260.1,coherent-d5-r5-clifft-aa,coherent-surface-d5-r5-p1e-3-rz2e-2,coherent-d5-r5-aa-a,coherent-d5-r5-aa-b,3,19,18,0.5073519482474427,0.4975117027149914,0.9806046954851703,1.9585235316306897
larger-runner-aa-31857548257-1-1-raw.json,d629ef15-a5ca-4cdb-a9af-39fc1739c09f,31857548257,1,0d3e0b6ff9f8,x86_64,INTEL(R) XEON(R) PLATINUM 8573C,4,8,33649201152,ubuntu22,20260810.260.1,coherent-d5-r5-clifft-aa,coherent-surface-d5-r5-p1e-3-rz2e-2,coherent-d5-r5-aa-a,coherent-d5-r5-aa-b,4,20,21,0.44286398825000106,0.4294586657900084,0.9697303849135162,3.073478006769227
larger-runner-aa-31857548257-1-1-raw.json,d629ef15-a5ca-4cdb-a9af-39fc1739c09f,31857548257,1,0d3e0b6ff9f8,x86_64,INTEL(R) XEON(R) PLATINUM 8573C,4,8,33649201152,ubuntu22,20260810.260.1,coherent-d5-r5-clifft-aa,coherent-surface-d5-r5-p1e-3-rz2e-2,coherent-d5-r5-aa-a,coherent-d5-r5-aa-b,5,23,22,0.4660454863513566,0.46073739705022376,0.9886103621715349,1.1454871245896394
larger-runner-aa-31857548257-1-1-raw.json,d629ef15-a5ca-4cdb-a9af-39fc1739c09f,31857548257,1,0d3e0b6ff9f8,x86_64,INTEL(R) XEON(R) PLATINUM 8573C,4,8,33649201152,ubuntu22,20260810.260.1,msc-d3-clifft-aa,msc-d3-inject-cultivate-p1e-3,msc-d3-aa-a,msc-d3-aa-b,0,0,1,789552.1281084633,790275.9574361038,1.0009167593903834,0.09163393590272643
larger-runner-aa-31857548257-1-1-raw.json,d629ef15-a5ca-4cdb-a9af-39fc1739c09f,31857548257,1,0d3e0b6ff9f8,x86_64,INTEL(R) XEON(R) PLATINUM 8573C,4,8,33649201152,ubuntu22,20260810.260.1,msc-d3-clifft-aa,msc-d3-inject-cultivate-p1e-3,msc-d3-aa-a,msc-d3-aa-b,1,3,2,789775.4490707351,790900.2109542883,1.0014241540236235,0.14231406378906494
larger-runner-aa-31857548257-1-1-raw.json,d629ef15-a5ca-4cdb-a9af-39fc1739c09f,31857548257,1,0d3e0b6ff9f8,x86_64,INTEL(R) XEON(R) PLATINUM 8573C,4,8,33649201152,ubuntu22,20260810.260.1,msc-d3-clifft-aa,msc-d3-inject-cultivate-p1e-3,msc-d3-aa-a,msc-d3-aa-b,2,4,5,789729.6758476455,790360.5174375372,1.0007988069958427,0.07984880769117508
larger-runner-aa-31857548257-1-1-raw.json,d629ef15-a5ca-4cdb-a9af-39fc1739c09f,31857548257,1,0d3e0b6ff9f8,x86_64,INTEL(R) XEON(R) PLATINUM 8573C,4,8,33649201152,ubuntu22,20260810.260.1,msc-d3-clifft-aa,msc-d3-inject-cultivate-p1e-3,msc-d3-aa-a,msc-d3-aa-b,3,7,6,789863.1502077517,790152.7007450744,1.0003665831698145,0.036651599051762844
larger-runner-aa-31857548257-1-1-raw.json,d629ef15-a5ca-4cdb-a9af-39fc1739c09f,31857548257,1,0d3e0b6ff9f8,x86_64,INTEL(R) XEON(R) PLATINUM 8573C,4,8,33649201152,ubuntu22,20260810.260.1,msc-d3-clifft-aa,msc-d3-inject-cultivate-p1e-3,msc-d3-aa-a,msc-d3-aa-b,4,8,9,789370.6697601057,790815.8077465879,1.0018307470011794,0.1829072716484015
larger-runner-aa-31857548257-1-1-raw.json,d629ef15-a5ca-4cdb-a9af-39fc1739c09f,31857548257,1,0d3e0b6ff9f8,x86_64,INTEL(R) XEON(R) PLATINUM 8573C,4,8,33649201152,ubuntu22,20260810.260.1,msc-d3-clifft-aa,msc-d3-inject-cultivate-p1e-3,msc-d3-aa-a,msc-d3-aa-b,5,11,10,789918.3883433973,791057.097411488,1.0014415528045608,0.1440514515690853
larger-runner-aa-31857548257-1-2-raw.json,ada5477f-9381-44f1-994a-234be0fcde6c,31857548257,1,0d3e0b6ff9f8,x86_64,INTEL(R) XEON(R) PLATINUM 8573C,4,8,33649205248,ubuntu22,20260810.260.1,coherent-d5-r5-clifft-aa,coherent-surface-d5-r5-p1e-3-rz2e-2,coherent-d5-r5-aa-a,coherent-d5-r5-aa-b,0,12,13,0.42958344507037394,0.4158895295067563,0.968122804263618,3.239350275026063
larger-runner-aa-31857548257-1-2-raw.json,ada5477f-9381-44f1-994a-234be0fcde6c,31857548257,1,0d3e0b6ff9f8,x86_64,INTEL(R) XEON(R) PLATINUM 8573C,4,8,33649205248,ubuntu22,20260810.260.1,coherent-d5-r5-clifft-aa,coherent-surface-d5-r5-p1e-3-rz2e-2,coherent-d5-r5-aa-a,coherent-d5-r5-aa-b,1,15,14,0.5030449207184503,0.4254569427651724,0.8457633210122337,16.712508828399667
larger-runner-aa-31857548257-1-2-raw.json,ada5477f-9381-44f1-994a-234be0fcde6c,31857548257,1,0d3e0b6ff9f8,x86_64,INTEL(R) XEON(R) PLATINUM 8573C,4,8,33649205248,ubuntu22,20260810.260.1,coherent-d5-r5-clifft-aa,coherent-surface-d5-r5-p1e-3-rz2e-2,coherent-d5-r5-aa-a,coherent-d5-r5-aa-b,2,16,17,0.4227561909027375,0.4186063587786897,0.990183864332805,0.9864551555376778
larger-runner-aa-31857548257-1-2-raw.json,ada5477f-9381-44f1-994a-234be0fcde6c,31857548257,1,0d3e0b6ff9f8,x86_64,INTEL(R) XEON(R) PLATINUM 8573C,4,8,33649205248,ubuntu22,20260810.260.1,coherent-d5-r5-clifft-aa,coherent-surface-d5-r5-p1e-3-rz2e-2,coherent-d5-r5-aa-a,coherent-d5-r5-aa-b,3,19,18,0.4592643888794378,0.45568999465877086,0.9922171317715529,0.7813273065799128
larger-runner-aa-31857548257-1-2-raw.json,ada5477f-9381-44f1-994a-234be0fcde6c,31857548257,1,0d3e0b6ff9f8,x86_64,INTEL(R) XEON(R) PLATINUM 8573C,4,8,33649205248,ubuntu22,20260810.260.1,coherent-d5-r5-clifft-aa,coherent-surface-d5-r5-p1e-3-rz2e-2,coherent-d5-r5-aa-a,coherent-d5-r5-aa-b,4,20,21,0.3488855075257238,0.3298218328471946,0.9453583646574267,5.61764211008963
larger-runner-aa-31857548257-1-2-raw.json,ada5477f-9381-44f1-994a-234be0fcde6c,31857548257,1,0d3e0b6ff9f8,x86_64,INTEL(R) XEON(R) PLATINUM 8573C,4,8,33649205248,ubuntu22,20260810.260.1,coherent-d5-r5-clifft-aa,coherent-surface-d5-r5-p1e-3-rz2e-2,coherent-d5-r5-aa-a,coherent-d5-r5-aa-b,5,23,22,0.36654905636045276,0.37345842264442397,1.0188497723949308,1.8673774198235298
larger-runner-aa-31857548257-1-2-raw.json,ada5477f-9381-44f1-994a-234be0fcde6c,31857548257,1,0d3e0b6ff9f8,x86_64,INTEL(R) XEON(R) PLATINUM 8573C,4,8,33649205248,ubuntu22,20260810.260.1,msc-d3-clifft-aa,msc-d3-inject-cultivate-p1e-3,msc-d3-aa-a,msc-d3-aa-b,0,0,1,788894.8368286296,787374.5155304295,0.9980728466872572,0.1929012063737366
larger-runner-aa-31857548257-1-2-raw.json,ada5477f-9381-44f1-994a-234be0fcde6c,31857548257,1,0d3e0b6ff9f8,x86_64,INTEL(R) XEON(R) PLATINUM 8573C,4,8,33649205248,ubuntu22,20260810.260.1,msc-d3-clifft-aa,msc-d3-inject-cultivate-p1e-3,msc-d3-aa-a,msc-d3-aa-b,1,3,2,787805.5266608428,790514.0816464094,1.0034381010210056,0.34322008943061355
larger-runner-aa-31857548257-1-2-raw.json,ada5477f-9381-44f1-994a-234be0fcde6c,31857548257,1,0d3e0b6ff9f8,x86_64,INTEL(R) XEON(R) PLATINUM 8573C,4,8,33649205248,ubuntu22,20260810.260.1,msc-d3-clifft-aa,msc-d3-inject-cultivate-p1e-3,msc-d3-aa-a,msc-d3-aa-b,2,4,5,788521.59589216,790176.5550544603,1.0020988127286836,0.20966125301508565
larger-runner-aa-31857548257-1-2-raw.json,ada5477f-9381-44f1-994a-234be0fcde6c,31857548257,1,0d3e0b6ff9f8,x86_64,INTEL(R) XEON(R) PLATINUM 8573C,4,8,33649205248,ubuntu22,20260810.260.1,msc-d3-clifft-aa,msc-d3-inject-cultivate-p1e-3,msc-d3-aa-a,msc-d3-aa-b,3,7,6,785505.3010066759,785672.9577496552,1.0002134380796215,0.021341530414507606
larger-runner-aa-31857548257-1-2-raw.json,ada5477f-9381-44f1-994a-234be0fcde6c,31857548257,1,0d3e0b6ff9f8,x86_64,INTEL(R) XEON(R) PLATINUM 8573C,4,8,33649205248,ubuntu22,20260810.260.1,msc-d3-clifft-aa,msc-d3-inject-cultivate-p1e-3,msc-d3-aa-a,msc-d3-aa-b,4,8,9,788104.0040022854,789742.4888246593,1.0020790210607395,0.20768621406740906
larger-runner-aa-31857548257-1-2-raw.json,ada5477f-9381-44f1-994a-234be0fcde6c,31857548257,1,0d3e0b6ff9f8,x86_64,INTEL(R) XEON(R) PLATINUM 8573C,4,8,33649205248,ubuntu22,20260810.260.1,msc-d3-clifft-aa,msc-d3-inject-cultivate-p1e-3,msc-d3-aa-a,msc-d3-aa-b,5,11,10,788686.2402430109,789878.4782229266,1.0015116758973104,0.15105341782556986
larger-runner-aa-31857548257-1-3-raw.json,7c1814c5-a11f-433c-a0f1-0e21135e9c20,31857548257,1,0d3e0b6ff9f8,x86_64,INTEL(R) XEON(R) PLATINUM 8573C,4,8,33649192960,ubuntu22,20260810.260.1,coherent-d5-r5-clifft-aa,coherent-surface-d5-r5-p1e-3-rz2e-2,coherent-d5-r5-aa-a,coherent-d5-r5-aa-b,0,12,13,0.2985956183990665,0.29795786821855025,0.9978641676527754,0.2138115675535565
larger-runner-aa-31857548257-1-3-raw.json,7c1814c5-a11f-433c-a0f1-0e21135e9c20,31857548257,1,0d3e0b6ff9f8,x86_64,INTEL(R) XEON(R) PLATINUM 8573C,4,8,33649192960,ubuntu22,20260810.260.1,coherent-d5-r5-clifft-aa,coherent-surface-d5-r5-p1e-3-rz2e-2,coherent-d5-r5-aa-a,coherent-d5-r5-aa-b,1,15,14,0.294718292435289,0.2954295778586439,1.0024134417225257,0.24105328822099778
larger-runner-aa-31857548257-1-3-raw.json,7c1814c5-a11f-433c-a0f1-0e21135e9c20,31857548257,1,0d3e0b6ff9f8,x86_64,INTEL(R) XEON(R) PLATINUM 8573C,4,8,33649192960,ubuntu22,20260810.260.1,coherent-d5-r5-clifft-aa,coherent-surface-d5-r5-p1e-3-rz2e-2,coherent-d5-r5-aa-a,coherent-d5-r5-aa-b,2,16,17,0.29666147120444314,0.29527936506042135,0.9953411336551038,0.4669744201947114
larger-runner-aa-31857548257-1-3-raw.json,7c1814c5-a11f-433c-a0f1-0e21135e9c20,31857548257,1,0d3e0b6ff9f8,x86_64,INTEL(R) XEON(R) PLATINUM 8573C,4,8,33649192960,ubuntu22,20260810.260.1,coherent-d5-r5-clifft-aa,coherent-surface-d5-r5-p1e-3-rz2e-2,coherent-d5-r5-aa-a,coherent-d5-r5-aa-b,3,19,18,0.3310034629695173,0.33064832036757197,0.9989270728506606,0.10735030446201464
larger-runner-aa-31857548257-1-3-raw.json,7c1814c5-a11f-433c-a0f1-0e21135e9c20,31857548257,1,0d3e0b6ff9f8,x86_64,INTEL(R) XEON(R) PLATINUM 8573C,4,8,33649192960,ubuntu22,20260810.260.1,coherent-d5-r5-clifft-aa,coherent-surface-d5-r5-p1e-3-rz2e-2,coherent-d5-r5-aa-a,coherent-d5-r5-aa-b,4,20,21,0.2123443930470659,0.1987231372510401,0.9358529999282502,6.6272594121689306
larger-runner-aa-31857548257-1-3-raw.json,7c1814c5-a11f-433c-a0f1-0e21135e9c20,31857548257,1,0d3e0b6ff9f8,x86_64,INTEL(R) XEON(R) PLATINUM 8573C,4,8,33649192960,ubuntu22,20260810.260.1,coherent-d5-r5-clifft-aa,coherent-surface-d5-r5-p1e-3-rz2e-2,coherent-d5-r5-aa-a,coherent-d5-r5-aa-b,5,23,22,0.29756582546193394,0.29825146221894605,1.0023041515467972,0.23015000443536524
larger-runner-aa-31857548257-1-3-raw.json,7c1814c5-a11f-433c-a0f1-0e21135e9c20,31857548257,1,0d3e0b6ff9f8,x86_64,INTEL(R) XEON(R) PLATINUM 8573C,4,8,33649192960,ubuntu22,20260810.260.1,msc-d3-clifft-aa,msc-d3-inject-cultivate-p1e-3,msc-d3-aa-a,msc-d3-aa-b,0,0,1,672159.8409912619,672923.9755772974,1.0011368346328287,0.11361888034381219
larger-runner-aa-31857548257-1-3-raw.json,7c1814c5-a11f-433c-a0f1-0e21135e9c20,31857548257,1,0d3e0b6ff9f8,x86_64,INTEL(R) XEON(R) PLATINUM 8573C,4,8,33649192960,ubuntu22,20260810.260.1,msc-d3-clifft-aa,msc-d3-inject-cultivate-p1e-3,msc-d3-aa-a,msc-d3-aa-b,1,3,2,671818.9593666613,674548.3429542716,1.0040626772280785,0.4054441284938044
larger-runner-aa-31857548257-1-3-raw.json,7c1814c5-a11f-433c-a0f1-0e21135e9c20,31857548257,1,0d3e0b6ff9f8,x86_64,INTEL(R) XEON(R) PLATINUM 8573C,4,8,33649192960,ubuntu22,20260810.260.1,msc-d3-clifft-aa,msc-d3-inject-cultivate-p1e-3,msc-d3-aa-a,msc-d3-aa-b,2,4,5,669029.9767818064,672249.5522125214,1.004812303697066,0.4800752357905563
larger-runner-aa-31857548257-1-3-raw.json,7c1814c5-a11f-433c-a0f1-0e21135e9c20,31857548257,1,0d3e0b6ff9f8,x86_64,INTEL(R) XEON(R) PLATINUM 8573C,4,8,33649192960,ubuntu22,20260810.260.1,msc-d3-clifft-aa,msc-d3-inject-cultivate-p1e-3,msc-d3-aa-a,msc-d3-aa-b,3,7,6,664992.5020916315,671988.588610751,1.010520549475542,1.0465498080371587
larger-runner-aa-31857548257-1-3-raw.json,7c1814c5-a11f-433c-a0f1-0e21135e9c20,31857548257,1,0d3e0b6ff9f8,x86_64,INTEL(R) XEON(R) PLATINUM 8573C,4,8,33649192960,ubuntu22,20260810.260.1,msc-d3-clifft-aa,msc-d3-inject-cultivate-p1e-3,msc-d3-aa-a,msc-d3-aa-b,4,8,9,661747.2145958417,663139.6517931056,1.002104182936553,0.21019714703023656
larger-runner-aa-31857548257-1-3-raw.json,7c1814c5-a11f-433c-a0f1-0e21135e9c20,31857548257,1,0d3e0b6ff9f8,x86_64,INTEL(R) XEON(R) PLATINUM 8573C,4,8,33649192960,ubuntu22,20260810.260.1,msc-d3-clifft-aa,msc-d3-inject-cultivate-p1e-3,msc-d3-aa-a,msc-d3-aa-b,5,11,10,661200.7813855278,662745.8109171715,1.0023367025193257,0.23339756159748165
larger-runner-aa-31887227514-1-1-raw.json,4fd094d5-409a-4d2a-9ab9-c10c95d9ccdb,31887227514,1,0d3e0b6ff9f8,x86_64,INTEL(R) XEON(R) PLATINUM 8573C,4,8,33649205248,ubuntu22,20260810.260.1,coherent-d5-r5-clifft-aa,coherent-surface-d5-r5-p1e-3-rz2e-2,coherent-d5-r5-aa-a,coherent-d5-r5-aa-b,0,12,13,0.30454287567884447,0.30456763525734043,1.000081300796943,0.0081297492167403
larger-runner-aa-31887227514-1-1-raw.json,4fd094d5-409a-4d2a-9ab9-c10c95d9ccdb,31887227514,1,0d3e0b6ff9f8,x86_64,INTEL(R) XEON(R) PLATINUM 8573C,4,8,33649205248,ubuntu22,20260810.260.1,coherent-d5-r5-clifft-aa,coherent-surface-d5-r5-p1e-3-rz2e-2,coherent-d5-r5-aa-a,coherent-d5-r5-aa-b,1,15,14,0.3068142039772047,0.30580156482592724,0.9966995036795862,0.3305951961556153
larger-runner-aa-31887227514-1-1-raw.json,4fd094d5-409a-4d2a-9ab9-c10c95d9ccdb,31887227514,1,0d3e0b6ff9f8,x86_64,INTEL(R) XEON(R) PLATINUM 8573C,4,8,33649205248,ubuntu22,20260810.260.1,coherent-d5-r5-clifft-aa,coherent-surface-d5-r5-p1e-3-rz2e-2,coherent-d5-r5-aa-a,coherent-d5-r5-aa-b,2,16,17,0.24122697582067784,0.2412747611137987,1.0001980926592404,0.019807304083278264
larger-runner-aa-31887227514-1-1-raw.json,4fd094d5-409a-4d2a-9ab9-c10c95d9ccdb,31887227514,1,0d3e0b6ff9f8,x86_64,INTEL(R) XEON(R) PLATINUM 8573C,4,8,33649205248,ubuntu22,20260810.260.1,coherent-d5-r5-clifft-aa,coherent-surface-d5-r5-p1e-3-rz2e-2,coherent-d5-r5-aa-a,coherent-d5-r5-aa-b,3,19,18,0.33328537360122457,0.3350205652338795,1.005206323979675,0.5192806263788387
larger-runner-aa-31887227514-1-1-raw.json,4fd094d5-409a-4d2a-9ab9-c10c95d9ccdb,31887227514,1,0d3e0b6ff9f8,x86_64,INTEL(R) XEON(R) PLATINUM 8573C,4,8,33649205248,ubuntu22,20260810.260.1,coherent-d5-r5-clifft-aa,coherent-surface-d5-r5-p1e-3-rz2e-2,coherent-d5-r5-aa-a,coherent-d5-r5-aa-b,4,20,21,0.19819073985156468,0.19825200537428336,1.0003091240426498,0.030907627119662162
larger-runner-aa-31887227514-1-1-raw.json,4fd094d5-409a-4d2a-9ab9-c10c95d9ccdb,31887227514,1,0d3e0b6ff9f8,x86_64,INTEL(R) XEON(R) PLATINUM 8573C,4,8,33649205248,ubuntu22,20260810.260.1,coherent-d5-r5-clifft-aa,coherent-surface-d5-r5-p1e-3-rz2e-2,coherent-d5-r5-aa-a,coherent-d5-r5-aa-b,5,23,22,0.2985806811065675,0.29509975738428673,0.9883417650821207,1.1726590591831951
larger-runner-aa-31887227514-1-1-raw.json,4fd094d5-409a-4d2a-9ab9-c10c95d9ccdb,31887227514,1,0d3e0b6ff9f8,x86_64,INTEL(R) XEON(R) PLATINUM 8573C,4,8,33649205248,ubuntu22,20260810.260.1,msc-d3-clifft-aa,msc-d3-inject-cultivate-p1e-3,msc-d3-aa-a,msc-d3-aa-b,0,0,1,671511.7376104178,669542.6741432485,0.9970677154889709,0.2936589969670802
larger-runner-aa-31887227514-1-1-raw.json,4fd094d5-409a-4d2a-9ab9-c10c95d9ccdb,31887227514,1,0d3e0b6ff9f8,x86_64,INTEL(R) XEON(R) PLATINUM 8573C,4,8,33649205248,ubuntu22,20260810.260.1,msc-d3-clifft-aa,msc-d3-inject-cultivate-p1e-3,msc-d3-aa-a,msc-d3-aa-b,1,3,2,673929.8646901225,670662.7440043,0.9951521354713597,0.48596439764679117
larger-runner-aa-31887227514-1-1-raw.json,4fd094d5-409a-4d2a-9ab9-c10c95d9ccdb,31887227514,1,0d3e0b6ff9f8,x86_64,INTEL(R) XEON(R) PLATINUM 8573C,4,8,33649205248,ubuntu22,20260810.260.1,msc-d3-clifft-aa,msc-d3-inject-cultivate-p1e-3,msc-d3-aa-a,msc-d3-aa-b,2,4,5,673658.3478801828,672088.9870321049,0.9976703905577415,0.23323261467654463
larger-runner-aa-31887227514-1-1-raw.json,4fd094d5-409a-4d2a-9ab9-c10c95d9ccdb,31887227514,1,0d3e0b6ff9f8,x86_64,INTEL(R) XEON(R) PLATINUM 8573C,4,8,33649205248,ubuntu22,20260810.260.1,msc-d3-clifft-aa,msc-d3-inject-cultivate-p1e-3,msc-d3-aa-a,msc-d3-aa-b,3,7,6,671826.6974246785,672871.5020353209,1.0015551698297305,0.1553961492715528
larger-runner-aa-31887227514-1-1-raw.json,4fd094d5-409a-4d2a-9ab9-c10c95d9ccdb,31887227514,1,0d3e0b6ff9f8,x86_64,INTEL(R) XEON(R) PLATINUM 8573C,4,8,33649205248,ubuntu22,20260810.260.1,msc-d3-clifft-aa,msc-d3-inject-cultivate-p1e-3,msc-d3-aa-a,msc-d3-aa-b,4,8,9,673480.589434961,674328.2991439245,1.0012586995412514,0.12579078772174243
larger-runner-aa-31887227514-1-1-raw.json,4fd094d5-409a-4d2a-9ab9-c10c95d9ccdb,31887227514,1,0d3e0b6ff9f8,x86_64,INTEL(R) XEON(R) PLATINUM 8573C,4,8,33649205248,ubuntu22,20260810.260.1,msc-d3-clifft-aa,msc-d3-inject-cultivate-p1e-3,msc-d3-aa-a,msc-d3-aa-b,5,11,10,673245.9132481293,673454.0564328514,1.0003091636809467,0.030911589724229208
larger-runner-aa-31887227514-1-2-raw.json,c892cca4-1643-4f8d-b4b1-07fa19c702fc,31887227514,1,fd6fcfbd43c8,x86_64,AMD EPYC 9V74 80-Core Processor,4,8,33650245632,ubuntu22,20260810.260.1,coherent-d5-r5-clifft-aa,coherent-surface-d5-r5-p1e-3-rz2e-2,coherent-d5-r5-aa-a,coherent-d5-r5-aa-b,0,12,13,0.3934485461445292,0.3941520121834615,1.0017879492650963,0.17863523114451368
larger-runner-aa-31887227514-1-2-raw.json,c892cca4-1643-4f8d-b4b1-07fa19c702fc,31887227514,1,fd6fcfbd43c8,x86_64,AMD EPYC 9V74 80-Core Processor,4,8,33650245632,ubuntu22,20260810.260.1,coherent-d5-r5-clifft-aa,coherent-surface-d5-r5-p1e-3-rz2e-2,coherent-d5-r5-aa-a,coherent-d5-r5-aa-b,1,15,14,0.41931580335712354,0.41940518699004664,1.0002131654285564,0.021314271122772985
larger-runner-aa-31887227514-1-2-raw.json,c892cca4-1643-4f8d-b4b1-07fa19c702fc,31887227514,1,fd6fcfbd43c8,x86_64,AMD EPYC 9V74 80-Core Processor,4,8,33650245632,ubuntu22,20260810.260.1,coherent-d5-r5-clifft-aa,coherent-surface-d5-r5-p1e-3-rz2e-2,coherent-d5-r5-aa-a,coherent-d5-r5-aa-b,2,16,17,0.3559573056021344,0.3567548849197988,1.0022406600598215,0.22381525902631313
larger-runner-aa-31887227514-1-2-raw.json,c892cca4-1643-4f8d-b4b1-07fa19c702fc,31887227514,1,fd6fcfbd43c8,x86_64,AMD EPYC 9V74 80-Core Processor,4,8,33650245632,ubuntu22,20260810.260.1,coherent-d5-r5-clifft-aa,coherent-surface-d5-r5-p1e-3-rz2e-2,coherent-d5-r5-aa-a,coherent-d5-r5-aa-b,3,19,18,0.4247727861982717,0.4247286202063353,0.999896024431481,0.010398097425955547
larger-runner-aa-31887227514-1-2-raw.json,c892cca4-1643-4f8d-b4b1-07fa19c702fc,31887227514,1,fd6fcfbd43c8,x86_64,AMD EPYC 9V74 80-Core Processor,4,8,33650245632,ubuntu22,20260810.260.1,coherent-d5-r5-clifft-aa,coherent-surface-d5-r5-p1e-3-rz2e-2,coherent-d5-r5-aa-a,coherent-d5-r5-aa-b,4,20,21,0.32394466174809666,0.3248243032433049,1.0027154066699586,0.271172495194775
larger-runner-aa-31887227514-1-2-raw.json,c892cca4-1643-4f8d-b4b1-07fa19c702fc,31887227514,1,fd6fcfbd43c8,x86_64,AMD EPYC 9V74 80-Core Processor,4,8,33650245632,ubuntu22,20260810.260.1,coherent-d5-r5-clifft-aa,coherent-surface-d5-r5-p1e-3-rz2e-2,coherent-d5-r5-aa-a,coherent-d5-r5-aa-b,5,23,22,0.37770695813919963,0.3788904547673604,1.0031333725859628,0.31284712529328035
larger-runner-aa-31887227514-1-2-raw.json,c892cca4-1643-4f8d-b4b1-07fa19c702fc,31887227514,1,fd6fcfbd43c8,x86_64,AMD EPYC 9V74 80-Core Processor,4,8,33650245632,ubuntu22,20260810.260.1,msc-d3-clifft-aa,msc-d3-inject-cultivate-p1e-3,msc-d3-aa-a,msc-d3-aa-b,0,0,1,791915.8318170343,794316.7030738418,1.0030317252924452,0.3027136569194927
larger-runner-aa-31887227514-1-2-raw.json,c892cca4-1643-4f8d-b4b1-07fa19c702fc,31887227514,1,fd6fcfbd43c8,x86_64,AMD EPYC 9V74 80-Core Processor,4,8,33650245632,ubuntu22,20260810.260.1,msc-d3-clifft-aa,msc-d3-inject-cultivate-p1e-3,msc-d3-aa-a,msc-d3-aa-b,1,3,2,791926.9649924249,794425.1091258067,1.0031545132869741,0.3149545645181399
larger-runner-aa-31887227514-1-2-raw.json,c892cca4-1643-4f8d-b4b1-07fa19c702fc,31887227514,1,fd6fcfbd43c8,x86_64,AMD EPYC 9V74 80-Core Processor,4,8,33650245632,ubuntu22,20260810.260.1,msc-d3-clifft-aa,msc-d3-inject-cultivate-p1e-3,msc-d3-aa-a,msc-d3-aa-b,2,4,5,790232.9173844941,792989.9238130909,1.0034888529292376,0.3482777480030967
larger-runner-aa-31887227514-1-2-raw.json,c892cca4-1643-4f8d-b4b1-07fa19c702fc,31887227514,1,fd6fcfbd43c8,x86_64,AMD EPYC 9V74 80-Core Processor,4,8,33650245632,ubuntu22,20260810.260.1,msc-d3-clifft-aa,msc-d3-inject-cultivate-p1e-3,msc-d3-aa-a,msc-d3-aa-b,3,7,6,792170.8623861303,793024.9603171003,1.0010781738782937,0.10775929620020427
larger-runner-aa-31887227514-1-2-raw.json,c892cca4-1643-4f8d-b4b1-07fa19c702fc,31887227514,1,fd6fcfbd43c8,x86_64,AMD EPYC 9V74 80-Core Processor,4,8,33650245632,ubuntu22,20260810.260.1,msc-d3-clifft-aa,msc-d3-inject-cultivate-p1e-3,msc-d3-aa-a,msc-d3-aa-b,4,8,9,791743.4428003982,794110.159981894,1.0029892475940498,0.29847864611758185
larger-runner-aa-31887227514-1-2-raw.json,c892cca4-1643-4f8d-b4b1-07fa19c702fc,31887227514,1,fd6fcfbd43c8,x86_64,AMD EPYC 9V74 80-Core Processor,4,8,33650245632,ubuntu22,20260810.260.1,msc-d3-clifft-aa,msc-d3-inject-cultivate-p1e-3,msc-d3-aa-a,msc-d3-aa-b,5,11,10,793223.1445382276,794467.8788012036,1.001569210721531,0.1567980475644309
larger-runner-aa-31887227514-1-3-raw.json,b0cf8b02-075c-4f2a-98c9-99ffcf34a5e7,31887227514,1,0d3e0b6ff9f8,x86_64,INTEL(R) XEON(R) PLATINUM 8573C,4,8,33649209344,ubuntu22,20260810.260.1,coherent-d5-r5-clifft-aa,coherent-surface-d5-r5-p1e-3-rz2e-2,coherent-d5-r5-aa-a,coherent-d5-r5-aa-b,0,12,13,0.30560225476428554,0.30093528576356915,0.9847286172534424,1.5388887542409473
larger-runner-aa-31887227514-1-3-raw.json,b0cf8b02-075c-4f2a-98c9-99ffcf34a5e7,31887227514,1,0d3e0b6ff9f8,x86_64,INTEL(R) XEON(R) PLATINUM 8573C,4,8,33649209344,ubuntu22,20260810.260.1,coherent-d5-r5-clifft-aa,coherent-surface-d5-r5-p1e-3-rz2e-2,coherent-d5-r5-aa-a,coherent-d5-r5-aa-b,1,15,14,0.29331947038161427,0.2927122650321456,0.9979298839293598,0.20722609810199666
larger-runner-aa-31887227514-1-3-raw.json,b0cf8b02-075c-4f2a-98c9-99ffcf34a5e7,31887227514,1,0d3e0b6ff9f8,x86_64,INTEL(R) XEON(R) PLATINUM 8573C,4,8,33649209344,ubuntu22,20260810.260.1,coherent-d5-r5-clifft-aa,coherent-surface-d5-r5-p1e-3-rz2e-2,coherent-d5-r5-aa-a,coherent-d5-r5-aa-b,2,16,17,0.29655884059452653,0.2953556616648631,0.9959428660860309,0.4065380811150222
larger-runner-aa-31887227514-1-3-raw.json,b0cf8b02-075c-4f2a-98c9-99ffcf34a5e7,31887227514,1,0d3e0b6ff9f8,x86_64,INTEL(R) XEON(R) PLATINUM 8573C,4,8,33649209344,ubuntu22,20260810.260.1,coherent-d5-r5-clifft-aa,coherent-surface-d5-r5-p1e-3-rz2e-2,coherent-d5-r5-aa-a,coherent-d5-r5-aa-b,3,19,18,0.33246525209786854,0.33153575836467014,0.9972042379546937,0.27996756587792393
larger-runner-aa-31887227514-1-3-raw.json,b0cf8b02-075c-4f2a-98c9-99ffcf34a5e7,31887227514,1,0d3e0b6ff9f8,x86_64,INTEL(R) XEON(R) PLATINUM 8573C,4,8,33649209344,ubuntu22,20260810.260.1,coherent-d5-r5-clifft-aa,coherent-surface-d5-r5-p1e-3-rz2e-2,coherent-d5-r5-aa-a,coherent-d5-r5-aa-b,4,20,21,0.19977105572441992,0.198966278314793,0.9959715014434468,0.4036629334276375
larger-runner-aa-31887227514-1-3-raw.json,b0cf8b02-075c-4f2a-98c9-99ffcf34a5e7,31887227514,1,0d3e0b6ff9f8,x86_64,INTEL(R) XEON(R) PLATINUM 8573C,4,8,33649209344,ubuntu22,20260810.260.1,coherent-d5-r5-clifft-aa,coherent-surface-d5-r5-p1e-3-rz2e-2,coherent-d5-r5-aa-a,coherent-d5-r5-aa-b,5,23,22,0.29843233987262757,0.2995644487091617,1.0037935192848648,0.37863375126781285
larger-runner-aa-31887227514-1-3-raw.json,b0cf8b02-075c-4f2a-98c9-99ffcf34a5e7,31887227514,1,0d3e0b6ff9f8,x86_64,INTEL(R) XEON(R) PLATINUM 8573C,4,8,33649209344,ubuntu22,20260810.260.1,msc-d3-clifft-aa,msc-d3-inject-cultivate-p1e-3,msc-d3-aa-a,msc-d3-aa-b,0,0,1,668162.3977910752,670887.5205630279,1.0040785335735174,0.40702332819710846
larger-runner-aa-31887227514-1-3-raw.json,b0cf8b02-075c-4f2a-98c9-99ffcf34a5e7,31887227514,1,0d3e0b6ff9f8,x86_64,INTEL(R) XEON(R) PLATINUM 8573C,4,8,33649209344,ubuntu22,20260810.260.1,msc-d3-clifft-aa,msc-d3-inject-cultivate-p1e-3,msc-d3-aa-a,msc-d3-aa-b,1,3,2,668536.4102516765,669177.6305012029,1.0009591403545022,0.09586805998770112
larger-runner-aa-31887227514-1-3-raw.json,b0cf8b02-075c-4f2a-98c9-99ffcf34a5e7,31887227514,1,0d3e0b6ff9f8,x86_64,INTEL(R) XEON(R) PLATINUM 8573C,4,8,33649209344,ubuntu22,20260810.260.1,msc-d3-clifft-aa,msc-d3-inject-cultivate-p1e-3,msc-d3-aa-a,msc-d3-aa-b,2,4,5,669803.7591531323,671267.0291846051,1.0021846249912405,0.21822413017981154
larger-runner-aa-31887227514-1-3-raw.json,b0cf8b02-075c-4f2a-98c9-99ffcf34a5e7,31887227514,1,0d3e0b6ff9f8,x86_64,INTEL(R) XEON(R) PLATINUM 8573C,4,8,33649209344,ubuntu22,20260810.260.1,msc-d3-clifft-aa,msc-d3-inject-cultivate-p1e-3,msc-d3-aa-a,msc-d3-aa-b,3,7,6,674219.3600402512,674678.0964267006,1.0006803963422557,0.06801649513832626
larger-runner-aa-31887227514-1-3-raw.json,b0cf8b02-075c-4f2a-98c9-99ffcf34a5e7,31887227514,1,0d3e0b6ff9f8,x86_64,INTEL(R) XEON(R) PLATINUM 8573C,4,8,33649209344,ubuntu22,20260810.260.1,msc-d3-clifft-aa,msc-d3-inject-cultivate-p1e-3,msc-d3-aa-a,msc-d3-aa-b,4,8,9,673560.01653449,669481.2687519642,0.9939444924247267,0.60738978424716
larger-runner-aa-31887227514-1-3-raw.json,b0cf8b02-075c-4f2a-98c9-99ffcf34a5e7,31887227514,1,0d3e0b6ff9f8,x86_64,INTEL(R) XEON(R) PLATINUM 8573C,4,8,33649209344,ubuntu22,20260810.260.1,msc-d3-clifft-aa,msc-d3-inject-cultivate-p1e-3,msc-d3-aa-a,msc-d3-aa-b,5,11,10,669262.5969894818,670241.1107766166,1.0014620775037129,0.14610094491886985
larger-runner-aa-31920595656-1-1-raw.json,8004ea81-33ef-41b7-8e77-5bca3b16e264,31920595656,1,0d3e0b6ff9f8,x86_64,INTEL(R) XEON(R) PLATINUM 8573C,4,8,33649209344,ubuntu22,20260810.260.1,coherent-d5-r5-clifft-aa,coherent-surface-d5-r5-p1e-3-rz2e-2,coherent-d5-r5-aa-a,coherent-d5-r5-aa-b,0,12,13,0.2993925593584788,0.3025742641538445,1.0106272006297794,1.0571030399320787
larger-runner-aa-31920595656-1-1-raw.json,8004ea81-33ef-41b7-8e77-5bca3b16e264,31920595656,1,0d3e0b6ff9f8,x86_64,INTEL(R) XEON(R) PLATINUM 8573C,4,8,33649209344,ubuntu22,20260810.260.1,coherent-d5-r5-clifft-aa,coherent-surface-d5-r5-p1e-3-rz2e-2,coherent-d5-r5-aa-a,coherent-d5-r5-aa-b,1,15,14,0.29970523153309625,0.30337756140713096,1.0122531390434844,1.217852645448858
larger-runner-aa-31920595656-1-1-raw.json,8004ea81-33ef-41b7-8e77-5bca3b16e264,31920595656,1,0d3e0b6ff9f8,x86_64,INTEL(R) XEON(R) PLATINUM 8573C,4,8,33649209344,ubuntu22,20260810.260.1,coherent-d5-r5-clifft-aa,coherent-surface-d5-r5-p1e-3-rz2e-2,coherent-d5-r5-aa-a,coherent-d5-r5-aa-b,2,16,17,0.23928522277628617,0.2952117861024073,1.233723431297754,20.92680123447198
larger-runner-aa-31920595656-1-1-raw.json,8004ea81-33ef-41b7-8e77-5bca3b16e264,31920595656,1,0d3e0b6ff9f8,x86_64,INTEL(R) XEON(R) PLATINUM 8573C,4,8,33649209344,ubuntu22,20260810.260.1,coherent-d5-r5-clifft-aa,coherent-surface-d5-r5-p1e-3-rz2e-2,coherent-d5-r5-aa-a,coherent-d5-r5-aa-b,3,19,18,0.332144630745809,0.3294158368809355,0.9917843204066067,0.8249567495055073
larger-runner-aa-31920595656-1-1-raw.json,8004ea81-33ef-41b7-8e77-5bca3b16e264,31920595656,1,0d3e0b6ff9f8,x86_64,INTEL(R) XEON(R) PLATINUM 8573C,4,8,33649209344,ubuntu22,20260810.260.1,coherent-d5-r5-clifft-aa,coherent-surface-d5-r5-p1e-3-rz2e-2,coherent-d5-r5-aa-a,coherent-d5-r5-aa-b,4,20,21,0.21341115293545315,0.2145938833164952,1.0055420270439182,0.5526712448990104
larger-runner-aa-31920595656-1-1-raw.json,8004ea81-33ef-41b7-8e77-5bca3b16e264,31920595656,1,0d3e0b6ff9f8,x86_64,INTEL(R) XEON(R) PLATINUM 8573C,4,8,33649209344,ubuntu22,20260810.260.1,coherent-d5-r5-clifft-aa,coherent-surface-d5-r5-p1e-3-rz2e-2,coherent-d5-r5-aa-a,coherent-d5-r5-aa-b,5,23,22,0.3051734533710721,0.30504569778531737,0.9995813673032713,0.04187203417415785
larger-runner-aa-31920595656-1-1-raw.json,8004ea81-33ef-41b7-8e77-5bca3b16e264,31920595656,1,0d3e0b6ff9f8,x86_64,INTEL(R) XEON(R) PLATINUM 8573C,4,8,33649209344,ubuntu22,20260810.260.1,msc-d3-clifft-aa,msc-d3-inject-cultivate-p1e-3,msc-d3-aa-a,msc-d3-aa-b,0,0,1,669670.6164347089,670033.8542223484,1.0005424126111033,0.05422655452681137
larger-runner-aa-31920595656-1-1-raw.json,8004ea81-33ef-41b7-8e77-5bca3b16e264,31920595656,1,0d3e0b6ff9f8,x86_64,INTEL(R) XEON(R) PLATINUM 8573C,4,8,33649209344,ubuntu22,20260810.260.1,msc-d3-clifft-aa,msc-d3-inject-cultivate-p1e-3,msc-d3-aa-a,msc-d3-aa-b,1,3,2,672406.1312707932,671355.1693712535,0.9984370132117126,0.15642092074500746
larger-runner-aa-31920595656-1-1-raw.json,8004ea81-33ef-41b7-8e77-5bca3b16e264,31920595656,1,0d3e0b6ff9f8,x86_64,INTEL(R) XEON(R) PLATINUM 8573C,4,8,33649209344,ubuntu22,20260810.260.1,msc-d3-clifft-aa,msc-d3-inject-cultivate-p1e-3,msc-d3-aa-a,msc-d3-aa-b,2,4,5,674723.0171277431,670817.1389857036,0.994211138433269,0.5805665664147162
larger-runner-aa-31920595656-1-1-raw.json,8004ea81-33ef-41b7-8e77-5bca3b16e264,31920595656,1,0d3e0b6ff9f8,x86_64,INTEL(R) XEON(R) PLATINUM 8573C,4,8,33649209344,ubuntu22,20260810.260.1,msc-d3-clifft-aa,msc-d3-inject-cultivate-p1e-3,msc-d3-aa-a,msc-d3-aa-b,3,7,6,660253.0218758535,661624.5694737606,1.0020773060515653,0.20751506900222003
larger-runner-aa-31920595656-1-1-raw.json,8004ea81-33ef-41b7-8e77-5bca3b16e264,31920595656,1,0d3e0b6ff9f8,x86_64,INTEL(R) XEON(R) PLATINUM 8573C,4,8,33649209344,ubuntu22,20260810.260.1,msc-d3-clifft-aa,msc-d3-inject-cultivate-p1e-3,msc-d3-aa-a,msc-d3-aa-b,4,8,9,660746.8800421426,659242.3851358705,0.9977230389552864,0.2279556275132503
larger-runner-aa-31920595656-1-1-raw.json,8004ea81-33ef-41b7-8e77-5bca3b16e264,31920595656,1,0d3e0b6ff9f8,x86_64,INTEL(R) XEON(R) PLATINUM 8573C,4,8,33649209344,ubuntu22,20260810.260.1,msc-d3-clifft-aa,msc-d3-inject-cultivate-p1e-3,msc-d3-aa-a,msc-d3-aa-b,5,11,10,659376.4692577715,657828.6702179434,0.9976526322791434,0.23501260258431628
larger-runner-aa-31920595656-1-2-raw.json,7f077da3-6a9a-4842-8d89-141c420f4206,31920595656,1,fd6fcfbd43c8,x86_64,AMD EPYC 9V74 80-Core Processor,4,8,33650241536,ubuntu22,20260810.260.1,coherent-d5-r5-clifft-aa,coherent-surface-d5-r5-p1e-3-rz2e-2,coherent-d5-r5-aa-a,coherent-d5-r5-aa-b,0,12,13,0.36554473083447625,0.36594383624299376,1.0010918100436201,0.10912143442297714
larger-runner-aa-31920595656-1-2-raw.json,7f077da3-6a9a-4842-8d89-141c420f4206,31920595656,1,fd6fcfbd43c8,x86_64,AMD EPYC 9V74 80-Core Processor,4,8,33650241536,ubuntu22,20260810.260.1,coherent-d5-r5-clifft-aa,coherent-surface-d5-r5-p1e-3-rz2e-2,coherent-d5-r5-aa-a,coherent-d5-r5-aa-b,1,15,14,0.3894570035608224,0.39163935502618447,1.0056035748372958,0.5587918677050034
larger-runner-aa-31920595656-1-2-raw.json,7f077da3-6a9a-4842-8d89-141c420f4206,31920595656,1,fd6fcfbd43c8,x86_64,AMD EPYC 9V74 80-Core Processor,4,8,33650241536,ubuntu22,20260810.260.1,coherent-d5-r5-clifft-aa,coherent-surface-d5-r5-p1e-3-rz2e-2,coherent-d5-r5-aa-a,coherent-d5-r5-aa-b,2,16,17,0.3205701380630649,0.32362954533601856,1.0095436439945376,0.9498319703638731
larger-runner-aa-31920595656-1-2-raw.json,7f077da3-6a9a-4842-8d89-141c420f4206,31920595656,1,fd6fcfbd43c8,x86_64,AMD EPYC 9V74 80-Core Processor,4,8,33650241536,ubuntu22,20260810.260.1,coherent-d5-r5-clifft-aa,coherent-surface-d5-r5-p1e-3-rz2e-2,coherent-d5-r5-aa-a,coherent-d5-r5-aa-b,3,19,18,0.39391210230212187,0.39319913568442566,0.9981900362707075,0.18116031973320507
larger-runner-aa-31920595656-1-2-raw.json,7f077da3-6a9a-4842-8d89-141c420f4206,31920595656,1,fd6fcfbd43c8,x86_64,AMD EPYC 9V74 80-Core Processor,4,8,33650241536,ubuntu22,20260810.260.1,coherent-d5-r5-clifft-aa,coherent-surface-d5-r5-p1e-3-rz2e-2,coherent-d5-r5-aa-a,coherent-d5-r5-aa-b,4,20,21,0.28958892404238545,0.2901498131665132,1.001936845913505,0.19349720421585903
larger-runner-aa-31920595656-1-2-raw.json,7f077da3-6a9a-4842-8d89-141c420f4206,31920595656,1,fd6fcfbd43c8,x86_64,AMD EPYC 9V74 80-Core Processor,4,8,33650241536,ubuntu22,20260810.260.1,coherent-d5-r5-clifft-aa,coherent-surface-d5-r5-p1e-3-rz2e-2,coherent-d5-r5-aa-a,coherent-d5-r5-aa-b,5,23,22,0.41694154551008333,0.41667201966010675,0.9993535644195715,0.06466445874631503
larger-runner-aa-31920595656-1-2-raw.json,7f077da3-6a9a-4842-8d89-141c420f4206,31920595656,1,fd6fcfbd43c8,x86_64,AMD EPYC 9V74 80-Core Processor,4,8,33650241536,ubuntu22,20260810.260.1,msc-d3-clifft-aa,msc-d3-inject-cultivate-p1e-3,msc-d3-aa-a,msc-d3-aa-b,0,0,1,792360.4251862213,794967.1297589832,1.003289796524289,0.32843940302565744
larger-runner-aa-31920595656-1-2-raw.json,7f077da3-6a9a-4842-8d89-141c420f4206,31920595656,1,fd6fcfbd43c8,x86_64,AMD EPYC 9V74 80-Core Processor,4,8,33650241536,ubuntu22,20260810.260.1,msc-d3-clifft-aa,msc-d3-inject-cultivate-p1e-3,msc-d3-aa-a,msc-d3-aa-b,1,3,2,793898.2665354373,793926.0295402785,1.00003497048175,0.003496987029330941
larger-runner-aa-31920595656-1-2-raw.json,7f077da3-6a9a-4842-8d89-141c420f4206,31920595656,1,fd6fcfbd43c8,x86_64,AMD EPYC 9V74 80-Core Processor,4,8,33650241536,ubuntu22,20260810.260.1,msc-d3-clifft-aa,msc-d3-inject-cultivate-p1e-3,msc-d3-aa-a,msc-d3-aa-b,2,4,5,792155.6182538801,794389.189983453,1.0028196123060975,0.28156427955595853
larger-runner-aa-31920595656-1-2-raw.json,7f077da3-6a9a-4842-8d89-141c420f4206,31920595656,1,fd6fcfbd43c8,x86_64,AMD EPYC 9V74 80-Core Processor,4,8,33650241536,ubuntu22,20260810.260.1,msc-d3-clifft-aa,msc-d3-inject-cultivate-p1e-3,msc-d3-aa-a,msc-d3-aa-b,3,7,6,792730.275983956,793484.6147217867,1.0009515704908514,0.09511179629578818
larger-runner-aa-31920595656-1-2-raw.json,7f077da3-6a9a-4842-8d89-141c420f4206,31920595656,1,fd6fcfbd43c8,x86_64,AMD EPYC 9V74 80-Core Processor,4,8,33650241536,ubuntu22,20260810.260.1,msc-d3-clifft-aa,msc-d3-inject-cultivate-p1e-3,msc-d3-aa-a,msc-d3-aa-b,4,8,9,793916.9829898851,792999.0104487133,0.9988437424052642,0.11569264472314275
larger-runner-aa-31920595656-1-2-raw.json,7f077da3-6a9a-4842-8d89-141c420f4206,31920595656,1,fd6fcfbd43c8,x86_64,AMD EPYC 9V74 80-Core Processor,4,8,33650241536,ubuntu22,20260810.260.1,msc-d3-clifft-aa,msc-d3-inject-cultivate-p1e-3,msc-d3-aa-a,msc-d3-aa-b,5,11,10,793378.3424063764,793415.6196650439,1.0000469854754976,0.004698437170614213
larger-runner-aa-31920595656-1-3-raw.json,3dacc527-d6aa-41dd-867e-671122250b46,31920595656,1,0d3e0b6ff9f8,x86_64,INTEL(R) XEON(R) PLATINUM 8573C,4,8,33649205248,ubuntu22,20260810.260.1,coherent-d5-r5-clifft-aa,coherent-surface-d5-r5-p1e-3-rz2e-2,coherent-d5-r5-aa-a,coherent-d5-r5-aa-b,0,12,13,0.3057247772353883,0.30799521345069686,1.0074264056575317,0.7398931922586999
larger-runner-aa-31920595656-1-3-raw.json,3dacc527-d6aa-41dd-867e-671122250b46,31920595656,1,0d3e0b6ff9f8,x86_64,INTEL(R) XEON(R) PLATINUM 8573C,4,8,33649205248,ubuntu22,20260810.260.1,coherent-d5-r5-clifft-aa,coherent-surface-d5-r5-p1e-3-rz2e-2,coherent-d5-r5-aa-a,coherent-d5-r5-aa-b,1,15,14,0.30705043526253384,0.307889214194053,1.0027317301498107,0.27280040643350817
larger-runner-aa-31920595656-1-3-raw.json,3dacc527-d6aa-41dd-867e-671122250b46,31920595656,1,0d3e0b6ff9f8,x86_64,INTEL(R) XEON(R) PLATINUM 8573C,4,8,33649205248,ubuntu22,20260810.260.1,coherent-d5-r5-clifft-aa,coherent-surface-d5-r5-p1e-3-rz2e-2,coherent-d5-r5-aa-a,coherent-d5-r5-aa-b,2,16,17,0.24243666397380886,0.241708163047157,0.9969950876459406,0.30094338966067763
larger-runner-aa-31920595656-1-3-raw.json,3dacc527-d6aa-41dd-867e-671122250b46,31920595656,1,0d3e0b6ff9f8,x86_64,INTEL(R) XEON(R) PLATINUM 8573C,4,8,33649205248,ubuntu22,20260810.260.1,coherent-d5-r5-clifft-aa,coherent-surface-d5-r5-p1e-3-rz2e-2,coherent-d5-r5-aa-a,coherent-d5-r5-aa-b,3,19,18,0.33521055688250995,0.33689366479527033,1.0050210468560818,0.5008472967358621
larger-runner-aa-31920595656-1-3-raw.json,3dacc527-d6aa-41dd-867e-671122250b46,31920595656,1,0d3e0b6ff9f8,x86_64,INTEL(R) XEON(R) PLATINUM 8573C,4,8,33649205248,ubuntu22,20260810.260.1,coherent-d5-r5-clifft-aa,coherent-surface-d5-r5-p1e-3-rz2e-2,coherent-d5-r5-aa-a,coherent-d5-r5-aa-b,4,20,21,0.21475869061469172,0.2147729307049178,1.0000663073991805,0.006630520091781285
larger-runner-aa-31920595656-1-3-raw.json,3dacc527-d6aa-41dd-867e-671122250b46,31920595656,1,0d3e0b6ff9f8,x86_64,INTEL(R) XEON(R) PLATINUM 8573C,4,8,33649205248,ubuntu22,20260810.260.1,coherent-d5-r5-clifft-aa,coherent-surface-d5-r5-p1e-3-rz2e-2,coherent-d5-r5-aa-a,coherent-d5-r5-aa-b,5,23,22,0.30540886640193987,0.3059406336744773,1.0017411651429844,0.17396506334624753
larger-runner-aa-31920595656-1-3-raw.json,3dacc527-d6aa-41dd-867e-671122250b46,31920595656,1,0d3e0b6ff9f8,x86_64,INTEL(R) XEON(R) PLATINUM 8573C,4,8,33649205248,ubuntu22,20260810.260.1,msc-d3-clifft-aa,msc-d3-inject-cultivate-p1e-3,msc-d3-aa-a,msc-d3-aa-b,0,0,1,673938.0111039818,673901.3709529811,0.9999456327579139,0.005436872002475678
larger-runner-aa-31920595656-1-3-raw.json,3dacc527-d6aa-41dd-867e-671122250b46,31920595656,1,0d3e0b6ff9f8,x86_64,INTEL(R) XEON(R) PLATINUM 8573C,4,8,33649205248,ubuntu22,20260810.260.1,msc-d3-clifft-aa,msc-d3-inject-cultivate-p1e-3,msc-d3-aa-a,msc-d3-aa-b,1,3,2,671675.7268380303,669806.2313311596,0.9972166695442881,0.2787209318002461
larger-runner-aa-31920595656-1-3-raw.json,3dacc527-d6aa-41dd-867e-671122250b46,31920595656,1,0d3e0b6ff9f8,x86_64,INTEL(R) XEON(R) PLATINUM 8573C,4,8,33649205248,ubuntu22,20260810.260.1,msc-d3-clifft-aa,msc-d3-inject-cultivate-p1e-3,msc-d3-aa-a,msc-d3-aa-b,2,4,5,670364.7177246651,669290.6483129596,0.9983977835000758,0.16035010778664927
larger-runner-aa-31920595656-1-3-raw.json,3dacc527-d6aa-41dd-867e-671122250b46,31920595656,1,0d3e0b6ff9f8,x86_64,INTEL(R) XEON(R) PLATINUM 8573C,4,8,33649205248,ubuntu22,20260810.260.1,msc-d3-clifft-aa,msc-d3-inject-cultivate-p1e-3,msc-d3-aa-a,msc-d3-aa-b,3,7,6,669618.1403674571,670408.9133824414,1.0011809312910047,0.11802344031360365
larger-runner-aa-31920595656-1-3-raw.json,3dacc527-d6aa-41dd-867e-671122250b46,31920595656,1,0d3e0b6ff9f8,x86_64,INTEL(R) XEON(R) PLATINUM 8573C,4,8,33649205248,ubuntu22,20260810.260.1,msc-d3-clifft-aa,msc-d3-inject-cultivate-p1e-3,msc-d3-aa-a,msc-d3-aa-b,4,8,9,670455.959772264,671824.2622597527,1.0020408536422787,0.2038773223399372
larger-runner-aa-31920595656-1-3-raw.json,3dacc527-d6aa-41dd-867e-671122250b46,31920595656,1,0d3e0b6ff9f8,x86_64,INTEL(R) XEON(R) PLATINUM 8573C,4,8,33649205248,ubuntu22,20260810.260.1,msc-d3-clifft-aa,msc-d3-inject-cultivate-p1e-3,msc-d3-aa-a,msc-d3-aa-b,5,11,10,673086.9727319385,672670.2490837545,0.9993808769667721,0.06193147492409313
